GOLD weekly prices,,,,,,,,,,,,,,,
,,,,,,,,,,,,,,,
Param,Value,,,,,,,,,,,,,,
diLength,13,,,,,,,,,,,,,,
dxLength,8,,,,,,,,,,,,,,
,,,,,,,,,,,,,,,
Date,Open,High,Low,Close,Volume,+DM,Avg+DM,-DM,Avg-DM,TR,ATR,+DI,-DI,DX,ADX
5/01/1979,229.35,229.7,219.5,224.8,121888889,0,0,0,0,10.2,10.2,0,0,0,0
12/01/1979,225.7,228,217.5,219.4,150522222,0,0,2,0.153846153846154,10.5,10.2230769230769,0,1.50489089541008,100,12.5
19/01/1979,220.15,237.5,216.6,237,152477778,9.5,0.730769230769231,0,0.142011834319527,20.9,11.0443786982248,6.61666220198233,1.28582909188321,67.4576271186441,19.3697033898305
26/01/1979,237.5,243.2,234,240.2,168800000,5.69999999999999,1.11301775147929,0,0.131087847064178,9.19999999999999,10.902503413746,10.2088273604756,1.20236465047928,78.9265722752716,26.8143120005106
2/02/1979,240.25,243.5,232,242.5,149655556,0,1.0274010013655,2,0.274850320366934,11.5,10.9484646896117,9.38397328294197,2.51040057358656,57.7884367202959,30.6860775904838
9/02/1979,242.55,257.55,240,247.3,140211111,14.05,2.02913938587585,0,0.253707988031016,17.55,11.4562750981031,17.7120343959951,2.21457660416189,77.7726718894202,36.5719018778509
16/02/1979,248,253.3,240.5,250.6,133288889,0,1.87305174080847,0,0.234191988951707,12.8,11.5596385520952,16.2033763630869,2.02594560285157,77.7726718894202,41.721998129297
23/02/1979,251,258.8,248.5,255.7,107888889,5.5,2.15204776074628,0,0.216177220570807,10.3,11.4627432788571,18.7742821102494,1.88591173431881,81.7435233327722,46.7246887797314
2/03/1979,255.85,257,242,243.2,140155556,0,1.98650562530426,6.5,0.699548203603821,15,11.7348399497142,16.9282719987386,5.96129309476314,47.912570025583,46.8731739354629
9/03/1979,243.65,246.9,235,245.9,160577777,0,1.83369750028086,7,1.18419834178814,11.9,11.747544568967,15.6091980712707,10.0803902878257,21.5215896267458,43.7042258968732
16/03/1979,246.8,250.1,242,248,158533333,3.19999999999999,1.93879769256694,0,1.09310616165059,8.09999999999999,11.466964217508,16.9076806711121,9.53265520774554,27.8930853872542,41.7278333331709
23/03/1979,248.1,249,243.5,246.4,178744445,0,1.78965940852333,0,1.00902107229286,5.5,11.0079669700074,16.2578559092654,9.16627997742057,27.8930853872542,39.9984898399313
30/03/1979,247.3,252,241,243.8,171966667,3,1.88276253094461,0,0.931404066731867,11,11.0073541261607,17.1045876181084,8.46165260113003,33.806046344173,39.2244344029615
6/04/1979,244,246,241.3,244.3,192988890,0,1.73793464394888,0,0.859757600060185,4.69999999999999,10.5221730395329,16.5168795211718,8.17091295524209,33.806046344173,38.5471358956129
13/04/1979,245.25,245.25,234.9,235.6,132011112,0,1.60424736364512,6.40000000000001,1.28593009236325,10.35,10.5089289595688,15.2655648336492,12.2365475807347,11.0137621695208,35.1054641798514
20/04/1979,236.15,244.3,231.8,239,163111111,0,1.4808437202878,3.09999999999999,1.42547393141223,12.5,10.6620882703712,13.8888713236684,13.3695566502996,1.90515268842629,30.9554252434233
27/04/1979,239.65,248.8,237.8,248.5,172122223,4.5,1.71308651103489,0,1.31582209053436,11,10.6880814803427,16.0280075913116,12.3111158251778,13.1157612446512,28.7254672435768
4/05/1979,248.55,251.5,246.2,250.3,166100000,2.69999999999999,1.78900293326298,0,1.21460500664711,5.30000000000001,10.2736136741625,17.4135702392841,11.8225684279112,19.1235986222977,27.5252336659169
11/05/1979,250.65,255.3,246.1,249.8,155677778,3.80000000000001,1.94369501531967,0,1.12117385228964,9.20000000000002,10.1910280069192,19.0726098878346,11.001577579106,26.8370752081027,27.4392138586901
18/05/1979,250.1,274.9,250.1,274.4,149033332,19.6,3.30187232183354,0,1.03492970980582,25.1,11.337872006387,29.1225048225407,9.12807720199003,52.2722179958672,30.5433393758372
25/05/1979,275.4,281.5,267.5,275.3,155400001,6.60000000000002,3.55557445092327,0,0.955319732128448,14,11.5426510828187,30.80379390672,8.27643255673251,57.6438864064795,33.9309077546675
1/06/1979,275.85,282,269.5,276.9,123500000,0.5,3.32053026239071,0,0.881833598887798,12.5,11.6162933072173,28.5851103667264,7.59135100643428,58.0315447211412,36.9434873754767
8/06/1979,277.8,294.75,275.3,284.6,193077778,12.75,4.04587408836066,0,0.814000245127198,19.45,12.218886129739,33.1116441007955,6.66182036958374,66.5011813363905,40.638199120591
15/06/1979,285.25,286.7,278.4,283.1,214500001,0,3.73465300464061,0,0.751384841655875,8.30000000000001,11.9174333505283,31.337729314635,6.30492170214288,66.5011813363905,43.8710718975659
22/06/1979,283.9,287.5,279.5,284.6,187155555,0.800000000000011,3.5089104658221,0,0.693586007682346,8,11.6160923235646,30.2073224633714,5.97090646632796,66.9917149458561,46.7611522786022
29/06/1979,285.35,288.6,275.5,283.8,195433332,0,3.23899427614348,4,0.947925545552935,13.1,11.7302390679058,27.6123466656825,8.08104199808238,54.719670501411,47.7559670564533
6/07/1979,284.55,303.5,282.3,301.4,147322223,14.9,4.13599471644013,0,0.875008195895017,21.2,12.4586822165284,33.1976901293226,7.02328047772322,65.0765241528363,49.9210366935012
13/07/1979,301.55,304.5,297,301.4,204111111,1,3.89476435363704,0,0.807699873133862,7.5,12.0772451229493,32.2487811913013,6.68778239500216,65.6478036117461,51.8868825582818
20/07/1979,302.35,315,302.35,313.7,166644445,10.5,4.40285940335727,0,0.745569113662026,13.6,12.1943801134917,36.1056434388658,6.11403865324109,71.0370218330747,54.2806499676309
27/07/1979,314.05,319.5,314.05,317.3,168300000,4.5,4.41033175694517,0,0.688217643380332,5.80000000000001,11.7025047201462,37.6870752237567,5.88094309584466,73.0033941286753,56.6209929877615
3/08/1979,317.5,317.5,293,295.8,183833333,0,4.07107546794939,21.05,2.25450859388954,24.5,12.6869274339811,32.0887424408631,17.7703278088514,28.7177730356768,53.1330904937509
10/08/1979,296.4,314.5,288,312.7,209933334,0,3.75791581656867,5,2.46570024051342,26.5,13.749471477521,27.3313474100621,17.9330546962812,20.7630992047587,49.0868415826269
17/08/1979,313.2,313.2,298.5,307.3,230722222,0,3.46884536914031,0,2.27603099124316,14.7,13.8225890561732,25.0954821491355,16.4660251563123,20.7630992047587,45.5463737853933
24/08/1979,307.95,326,305.3,320.7,197833334,12.8,4.18662649459106,0,2.10095168422445,20.7,14.3516206672368,29.1718029041045,14.6391249667063,33.1713539148314,43.9994963015731
31/08/1979,320.95,330,320.95,326.7,164400000,4,4.17227061039174,0,1.93934001620719,9.30000000000001,13.9630344620648,29.880830142811,13.8891014089813,36.5358778660801,43.0665439971365
7/09/1979,327.05,348,327.05,346.3,155211112,18,5.23594210190007,0,1.79016001496048,21.3,14.5274164265213,36.0417981296475,12.3226316531572,49.0425847735794,43.8135490941918
14/09/1979,347.05,359.2,340,354.4,213422222,11.2,5.6947157863693,0,1.65245539842506,19.2,14.8868459321735,38.2533399775559,11.1001041184538,55.0179148719178,45.2140948164076
21/09/1979,355.3,396.8,355.3,384.2,232455556,37.6,8.14896841818704,0,1.52534344470006,42.4,17.0032423989294,47.9259674537142,8.97089748480028,68.4661097074692,48.1205966777903
28/09/1979,384.3,409,377.5,404.5,192177777,12.2,8.46058623217266,0,1.40800933356928,31.5,18.1183775990118,46.6961580082872,7.77116673871549,71.4648487884725,51.0386281916256
5/10/1979,405.15,444.5,379,393,207566667,35.5,10.5405411373901,0,1.29970092329472,65.5,21.7631177837032,48.4330473333338,5.97203459638478,78.0460413455509,54.4145548358662
12/10/1979,393.65,424.5,373,404,281899999,0,9.72973028066783,6,1.66126239073359,51.5,24.0505702618799,40.455299706924,6.90737214396404,70.831999656985,56.4667354385061
19/10/1979,404.15,413,377,400,189211110,0,8.98128948984722,0,1.53347297606178,36,24.9697571648122,35.9686697414255,6.14132114277335,70.831999656985,58.2623934658159
26/10/1979,400.6,405.5,375,377.7,186366668,0,8.29042106755128,2,1.56935967021087,30.5,25.3951604598266,32.645673102425,6.1797588272517,68.1664387484734,59.5003991261481
2/11/1979,377.85,389,365,378.5,143266667,0,7.65269637004734,10,2.21787046481003,24,25.2878404244554,30.2623563008827,8.77050166239256,55.0609300982038,58.9454654976551
9/11/1979,379.5,403.5,379.5,391.2,143988889,14.5,8.17941203388985,0,2.04726504444003,25,25.2656988533434,32.3735831783947,8.10294247676872,59.9622628394487,59.0725651653793
16/11/1979,391.85,414.4,385,410.9,165877778,10.9,8.38868803128294,0,1.88978311794464,29.4,25.5837220184708,32.7891618945301,7.38666217753721,63.2283227630277,59.5920348650853
23/11/1979,411.1,416.5,388.3,415.7,142688889,2.10000000000002,7.90494279810733,0,1.74441518579506,28.2,25.7849741708962,30.6571677974754,6.76523922123607,63.8439119223229,60.12351949724
30/11/1979,416.3,432.8,400,430.5,218666668,16.3,8.55071642902215,0,1.61022940227236,32.8,26.3245915423657,32.4818579435924,6.11682578125068,68.3055213755191,61.1462697320249
7/12/1979,430.95,447.8,430.95,436,201911112,15,9.04681516525122,0,1.48636560209756,17.3,25.6303921929529,35.2972170583431,5.79923081515014,71.7774595361533,62.475168457541
14/12/1979,436.4,478,436.4,474.5,201722223,30.2,10.6739832294627,0,1.3720297865516,42,26.889592793495,39.6955926831471,5.10245654178709,77.2201842264725,64.3182954286574
21/12/1979,474.65,500.3,467,495.5,228288889,22.3,11.5682922118117,0,1.26648903373994,33.3,27.3827010401493,42.2467169869398,4.625142829712,80.2647351830965,66.3116003979623
28/12/1979,495.9,530,495.8,525,122166667,29.7,12.9630389647493,0,1.16906680037532,34.5,27.9301855755224,46.4122908517653,4.18567501892962,83.4551648592899,68.4545459556283
4/01/1980,525.95,626.5,525.95,611,179722222,96.5,19.3889590443839,0,1.07913858496184,101.5,33.589402069713,57.7234420670639,3.21273532265369,89.4554090516488,71.0796538426308
11/01/1980,611,636,597,628,302244444,9.5,18.6282698871236,0,0.996127924580159,39,34.0056019105043,54.7800034128182,2.92930537504309,89.8480663290868,73.4257054034378
18/01/1980,628.35,854.8,628.35,845,304744444,218.8,34.0260952804218,0,0.919502699612454,226.8,48.8359402250809,69.6742913591881,1.88284016929856,94.737519156846,76.0896821226138
25/01/1980,845.6,910.6,661,661,283955555,55.8000000000001,35.7010110280817,0,0.848771722719189,249.6,64.2793294385362,55.5404223098172,1.32044271484005,95.3555306825971,78.4979131926117
1/02/1980,661.9,726,625,704,303088889,0,32.9547794105369,36,3.5527123594331,101,67.1039964048026,49.1100100979654,5.29433796759507,80.5370778040936,78.752808769047
8/02/1980,704.95,728,673,717.5,280500000,2,30.5736425328033,0,3.27942679332286,55,66.1729197582794,46.2026500334044,4.9558441811275,80.6255275601143,78.9868986179304
15/02/1980,718.35,742.5,673,680.5,299111112,14.5,29.3372084918184,0,3.02716319383649,69.5,66.4288490076425,44.1633551236802,4.55700081976163,81.2932367528196,79.2751908847915
22/02/1980,681.4,683,630.5,641.5,203955557,0,27.0805001462939,42.5,6.06353525584906,52.5,65.3573990839777,41.4344825923967,9.27750391054888,63.4110018150837,77.2921672510781
29/02/1980,641.6,666.5,617,640,227455555,0,24.9973847504252,13.5,6.63557100539914,49.5,64.137599154441,38.9746187571387,10.345836284612,58.0464686473228,74.8864549256087
7/03/1980,640.65,660,599,605,258666666,0,23.0745090003925,18,7.50975785113767,61,63.8962453733301,36.1124646144289,11.7530502884168,50.891365893494,71.8870687965943
14/03/1980,605.7,605.7,516,530,212599999,0,21.2995467695931,83,13.3166995548963,89.7,65.8811495753817,32.3302597281214,20.2132167406388,23.0609845442695,65.7838082650537
21/03/1980,530.95,569,463,565,206311111,0,19.661120095009,53,16.3692611275966,106,68.96721499266,28.5079223470187,23.7348443450105,9.13634231920661,58.7028750218228
28/03/1980,565.8,572,453,525,256433334,0,18.1487262415468,10,15.8793179639353,119,72.8158907624554,24.924128581703,21.8074898180369,6.66922925075378,52.1986693004392
4/04/1980,525.4,530,483,501.5,145833333,0,16.7526703768124,0,14.6578319667095,47,70.8300530114973,23.6519240979434,20.6943682003601,6.66922925075378,46.5074892942285
11/04/1980,502.35,570,502,544,175277778,40,18.540926501673,0,13.5303064308088,68.5,70.650818164459,26.2430457047418,19.1509550523722,15.6234095565108,42.6469793270138
18/04/1980,544.3,547,501,520,165677777,0,17.1147013861597,1,12.566436705362,46,68.7546013825776,24.8924450756783,18.2772301092074,15.3237543209198,39.231576201252
25/04/1980,520.9,563,495,547,202755556,16,17.0289551256859,0,11.5997877280264,68,68.6965551223793,24.7886594827785,16.8855449991081,18.9640440217773,36.6981346788177
2/05/1980,547.8,547.8,482,516,166566667,0,15.7190355006331,13,11.7074963643321,65.8,68.4737431898886,22.9562964843936,17.0977893407482,14.626490713634,33.9391791831698
9/05/1980,516.75,524.5,504.5,515.7,207122221,0,14.5098789236613,0,10.8069197209219,20,64.7449937137433,22.4108121591822,16.6915140477154,14.626490713634,31.5250931244778
16/05/1980,516.05,530,509,514.8,197055556,5.5,13.8168113141489,0,9.97561820392793,21,61.3799941973015,22.5102844906368,16.2522306076831,16.1446022454434,29.6025317645985
23/05/1980,515.25,517,495,510,204922222,0,12.753979674599,14,10.285186034395,22,58.3507638744322,21.8574339524413,17.6264805316486,10.7156381936183,27.241670068226
30/05/1980,510.8,562.5,510.8,555,173566667,45.5,15.2729043150145,0,9.49401787790309,52.5,57.9007051148605,26.377751850719,16.3970678061162,23.3330826983577,26.7530966469924
6/06/1980,555.2,617.5,555.2,616,218155555,55,18.328834752321,0,8.76370881037208,62.5,58.254497029102,31.4633816907982,15.0438322486829,35.3053817919123,27.8221322901074
13/06/1980,616.4,640,593,613,235366667,22.5,18.6496936175271,0,8.08957736342039,47,57.3887664884018,32.4971153044319,14.0960990424063,39.4929101157287,29.2809795183101
20/06/1980,613.75,617,597,609.5,216611111,0,17.2151018007943,0,7.46730218161882,20,54.5127075277555,31.5799793874283,13.6982779250449,39.4929101157287,30.5574708429874
27/06/1980,609.8,658,602,657.5,218477778,41,19.0447093545793,0,6.89289432149429,56,54.6271146410051,34.863106865036,12.6180823695203,46.8501839446895,32.5940599807002
4/07/1980,658.35,680.5,651,676,171588889,22.5,19.3105009426886,0,6.36267168137935,29.5,52.6942596686201,36.6463084672355,12.0746960321531,50.4333042546171,34.8239655149398
11/07/1980,676.25,696,653,670.5,247133334,15.5,19.0173854855587,0,5.87323539819632,43,51.9485473864186,36.6081179211772,11.3058703153109,52.8076424800676,37.0719251355807
18/07/1980,670.85,670.85,604,614,291611112,0,17.5545096789773,49,9.1906788291043,66.85,53.0948129720787,33.0625699504936,17.30993728886,31.272282292367,36.346969780179
25/07/1980,614.5,680,609,678,243933333,9.14999999999998,16.9080089344406,0,8.48370353455781,71,54.4721350511496,31.0397397101543,15.574391432595,33.1773818334162,35.9507712868337
1/08/1980,678.6,678.6,625,640,265866667,0,15.6073928625605,0,7.83111095497644,53.6,54.4050477395227,28.6873985246455,14.3940889317289,33.1773818334162,35.6040976051565
8/08/1980,640.65,657.5,640.65,647,280877779,0,14.4068241808251,0,7.22871780459364,17.5,51.5661979134055,27.9385038334963,14.0183261460012,33.1773818334162,35.300758133689
15/08/1980,647.35,648,620,635,262855556,0,13.2986069361462,20.65,8.2611241273172,28,49.7534134585282,26.7290342746659,16.604135380989,23.3652395477506,33.8088183104467
22/08/1980,635.9,679.5,622.5,658,261511111,31.5,14.6987140949042,0,7.6256530406005,57,50.3108431924876,29.2157975541524,15.1570765996209,31.6831425113714,33.5431088355623
29/08/1980,658.3,658.3,641.5,656,216111110,0,13.5680437799116,0,7.03906434516969,16.8,47.7330860238347,28.4248199941161,14.7467195849329,31.6831425113714,33.3106130450384
5/09/1980,656.35,678,654.8,670,205200000,19.7,14.0397327199184,0,6.49759785707971,23.2,45.8459255604628,30.6237305677305,14.1726833467688,36.7240271785171,33.7372898117232
12/09/1980,670.15,720,670.15,704,255433332,42,16.1905225106939,0,5.99778263730435,50,46.1654697481195,35.0706330922874,12.9919237690605,45.9374422940506,35.2623088720142
19/09/1980,704.45,709,680,708,314533334,0,14.945097702179,0,5.53641474212709,29,44.8450489982642,33.3260817771823,12.3456543493606,45.9374422940506,36.5967005497687
26/09/1980,708.7,748.5,703.5,703.5,303733333,39.5,16.8339363404729,0,5.1105366850404,45,44.85696830609,37.528029593091,11.3929605098759,53.423017457756,38.6999901632671
3/10/1980,703.55,703.55,669,684.5,254544445,0,15.5390181604365,34.5,7.37126463234498,34.55,44.0641245902369,35.2645566091184,16.7284944405277,35.6510375797937,38.3188710903329
10/10/1980,685.15,708.5,685.15,700,261155556,4.95000000000005,14.7244783019414,0,6.80424427601075,24,42.5207303909879,34.628940205275,16.0021810854239,36.789149924027,38.1276559445447
17/10/1980,700.45,700.45,661,665,264244444,0,13.591826124869,24.15,8.13853317785608,39.45,42.2845203609119,32.1437396211626,19.2470745993832,25.0952727980391,36.4986080512315
24/10/1980,665.25,673.5,634,639,250488889,0,12.5463010383406,27,9.58941524109792,39.5,42.0703264869956,29.8222098233985,22.7937742390996,13.3579856188765,33.6060302471871
31/10/1980,639.55,652.5,627,642,212333334,0,11.5812009584683,7,9.39022945332115,25.5,40.795685987996,28.3882981202375,23.0177020582132,10.4474108924655,30.7112028278469
7/11/1980,642.85,665,593,607,232066666,0,10.6903393462784,34,11.2832887261426,72,43.1960178350732,24.7484371987603,26.1211317423364,2.69845916163663,27.2096098695706
14/11/1980,607.35,626.5,594,621,307455555,0,9.86800555041083,0,10.4153434395163,32.5,42.3732472323753,23.2882920119258,24.5799982767391,2.69845916163662,24.1457160310789
21/11/1980,621.75,649.5,610,638.5,340000000,23,10.87815896961,0,9.61416317493808,39.5,42.1522282145003,25.8068420825923,22.8081968194289,6.16814329657708,21.8985194392662
28/11/1980,638.95,659.5,628,644.5,218377777,10,10.81060827964,0,8.8746121614813,31.5,41.3328260441541,26.1550184545608,21.4710993920448,9.83476981601138,20.3905507363593
5/12/1980,645.05,657,627,638,274566668,0,9.97902302736,1,8.26887276444428,30,40.4610701946038,24.6632700997881,20.4366140704481,9.37176692823842,19.0132027603442
12/12/1980,638.05,638.05,558,587,284688888,0,9.21140587140924,69,12.9404979364101,80.05,43.5063724873266,21.1725440315497,29.7439138144181,16.8341831806102,18.7408253128775
19/12/1980,587.05,608,562.5,607.5,280522222,0,8.50283618899314,0,11.9450750182247,45.5,43.6597284498399,19.4752383738757,27.3594807900563,16.8341831806102,18.502495046344
26/12/1980,608.35,619,597.5,617,169811111,11,8.69492571291675,0,11.0262230937459,21.5,41.9551339536984,20.72434263352,26.2809865079073,11.821306170772,17.6673464368975
2/01/1981,617.85,617.85,586,594.5,162100001,0,8.02608527346161,11.5,11.0626674711501,31.85,41.17781595726,19.4912845348383,26.8656003578053,15.90770354834,17.4473910758279
9/01/1981,594.9,612,570,581,360600006,0,7.40869409857995,16,11.4424622810616,42,41.2410608836247,17.9643635247067,27.7453150716716,21.3979880132867,17.9412156930102
16/01/1981,581.6,581.6,555,567.5,237711111,0,6.83879455253534,15,11.7161190286722,26.6,40.1148254310382,17.048047645856,29.2064564728408,26.2858916307573,18.9843001852286
23/01/1981,568.2,581,548,552.5,216122222,0,6.31273343310954,7,11.3533406418513,33,39.5675311671121,15.9543273156162,28.6935785654678,28.5326959875375,20.1778496605172
30/01/1981,552.75,552.75,498,512.5,215177778,0,5.82713855363958,50,14.3261605924781,54.75,40.7354133850266,14.3048469855016,35.1688111203607,42.1718646521246,22.9271015344681
6/02/1981,513.2,521,490,514,251866668,0,5.37889712643654,8,13.8395328545952,31,39.9865354323322,13.4517708730706,34.6104825160843,44.0235531024603,25.5641579804672
13/02/1981,514.4,530.5,490,501,205533335,9.5,5.69590503978757,0,12.7749534042417,40.5,40.0260327067682,14.2305011378867,31.9166116158235,38.3254973552269,27.1593254023121
20/02/1981,501.6,522,498,514.5,179866668,0,5.25775849826545,0,11.7922646808385,24,38.7932609600938,13.5532779873135,30.3977144199584,38.3254973552269,28.5550968964265
27/02/1981,514.75,514.75,485,486.5,269744444,0,4.85331553686042,13,11.8851673976971,29.75,38.097625501625,12.7391549288378,31.1966093456143,42.0100906893959,30.2369711205476
6/03/1981,487.45,487.45,453,467,258911110,0,4.47998357248654,32,13.4324622132588,34.45,37.8170389245769,11.8464684171109,35.5196033196804,49.9790969243108,32.704736846018
13/03/1981,467.7,497.3,467.7,488.5,303455556,9.85000000000002,4.89306175921835,0,12.399195889162,30.3,37.2388051611479,13.1396851699296,33.2964385820262,43.4074849136123,34.0425803544673
20/03/1981,489.5,537,489.5,537,328911111,39.7,7.57051854697078,0,11.4454115899957,48.5,38.1050509179827,19.8674935857337,30.036468432048,20.3770891832013,32.3343939580591
27/03/1981,537.8,568,519.5,542.5,319888889,31,9.37278635104995,0,10.5649953138422,48.5,38.9046623858302,24.0916789306561,27.1561161720559,5.97964699799859,29.0400505880515
3/04/1981,543.45,543.45,515,532.5,267344444,0,8.65180278558457,4.5,10.0984572127774,28.45,38.1004575869202,22.7078710691252,26.5048187144193,7.71538329238748,26.3744671760935
10/04/1981,532.65,545.5,494,496,281533333,0,7.98627949438576,21,10.9370374271791,51.5,39.1311916186956,20.4089861924117,27.9496661736051,15.5932384635524,25.0268135870259
17/04/1981,496.25,498,476,495.5,230222222,0,7.37195030250993,18,11.4803422404731,22,37.8134076480267,19.4955989450336,30.3605069062644,21.7925322800717,24.6225284236566
24/04/1981,495.5,509,479.5,491.3,329066667,11,7.65103104847071,0,10.5972389912059,29.5,37.1739147520246,20.5817200031482,28.5071912977062,16.1451356009602,23.5628543208196
1/05/1981,492.15,497.5,478,496,287733334,0,7.06249019858834,1.5,9.89745137649775,19.5,35.8143828480227,19.7197037529805,27.6354095462074,16.7156305660506,22.7069513514734
8/05/1981,496.45,497.5,478,496.5,245533332,0,6.51922172177386,0,9.136108962921,19.5,34.5594303212518,18.8637997246296,26.4359362350452,16.7156305660506,21.9580362532956
15/05/1981,496.95,503,475,479.5,232099999,5.5,6.44082005086818,0,8.43333135038862,28,34.0548587580786,18.9130722773598,24.763959264368,13.3957981586236,20.8877564914616
22/05/1981,479.75,486.5,466,471,238477777,0,5.94537235464755,9,8.47692124651257,20.5,33.0121773151494,18.0096341355806,25.6781646529642,17.553025627362,20.4709151334491
29/05/1981,471.6,495.2,464.8,492.5,236188889,8.69999999999999,6.15726678890543,0,7.82485038139622,30.4,32.8112405985995,18.7657238085909,23.8480783982615,11.9265456881793,19.4028689527904
5/06/1981,492.9,499.8,461.5,462.5,296577778,4.60000000000002,6.03747703591271,0,7.22293881359651,38.3,33.2334528602457,18.1668665645477,21.7339403280503,8.93985370547546,18.094992046876
12/06/1981,463.15,487.5,463.15,476,288555555,0,5.57305572545788,0,6.66732813562755,25,32.6001103325345,17.0952051039412,20.4518575784501,8.93985370547546,16.950599754201
19/06/1981,476.8,485.5,464.5,467.5,301588889,0,5.14435913119189,0,6.15445674057928,21,31.7077941531087,16.2242731435404,19.4099176715384,8.93985370547546,15.9492564981103
26/06/1981,467.8,475.5,443,447,248266666,0,4.74863919802328,21.5,7.3348831451501,32.5,31.7687330644081,14.9475246255363,23.0883716082707,21.403063392256,16.6309823598785
3/07/1981,447.7,447.7,412,416.5,192955555,0,4.3833592597138,31,9.15527674936932,35.7,32.0711382132998,13.6676136361635,28.5467783789871,35.2466635963477,18.9579425144371
10/07/1981,416.5,423.5,397,422,255122222,0,4.04617777819736,15,9.60487084557168,26.5,31.642589119969,12.7871261193475,30.354250750961,40.7198979402623,21.6781869426653
17/07/1981,422.6,426.5,402.2,420,237855555,3,3.96570256448987,0,8.86603462668156,24.3,31.0777745722791,12.7605744589808,28.5285376726747,38.1891554446989,23.7420580054195
24/07/1981,420.3,420.3,406,408.2,239655555,0,3.66064852106757,0,8.18403196309067,14.3,29.7871765282576,12.289343763733,27.4750174973008,38.1891554446989,25.5479451853294
31/07/1981,408.2,426.4,398,423.2,222688889,0,3.37906017329314,8,8.16987565823754,28.4,29.6804706414686,11.38479309884,27.5260987500072,41.4827439933003,27.5397950363258
7/08/1981,423.3,423.3,405,414.8,248711111,0,3.11913246765521,0,7.54142368452696,18.3,28.8050498228941,10.8284224010477,26.1809083160588,41.4827439933003,29.2826636559476
14/08/1981,415,439.3,410,430.5,255177777,16,4.10996843168173,0,6.96131417033258,29.3,28.8431229134407,14.2493877795962,24.1350917209061,25.7544300976661,28.8416344611624
21/08/1981,431.5,463,428.5,452.5,226044445,23.7,5.61689393693698,0,6.42582846492238,34.5,29.2782673047145,19.1845162095112,21.9474342454947,6.71720646704024,26.0760809618971
28/08/1981,453.35,453.35,423,445,248055555,0,5.18482517255721,5.5,6.35461089069758,30.35,29.3607082812749,17.6590602749999,21.6432479415025,10.137286707323,24.0837316800754
4/09/1981,445.95,463.3,437.5,455.5,230588888,9.94999999999999,5.5513770823605,0,5.86579466833623,25.8,29.0868076442538,19.0855495393535,20.1665123931022,2.75390081572993,21.4175028220322
11/09/1981,456.05,474,447.5,470,200944445,10.7,5.947424999102,0,5.41457969384883,26.5,28.8878224408496,20.588000398022,18.7434677879776,4.68971206800999,19.3265289777794
18/09/1981,470.45,477.5,453.5,465,235477778,3.5,5.75916153763262,0,4.99807356355276,24,28.5118360992458,20.1991955817428,17.5298200584317,7.07512633981559,17.7951036480339
25/09/1981,465.9,482.5,437,441.5,274855555,0,5.31614911166088,16.5,5.88283713558717,45.5,29.8186179377654,17.8282880942244,19.7287384273318,5.06017251396787,16.2032372562757
2/10/1981,441.6,450,428,447.5,275511110,0,4.90721456461004,9,6.12261889438816,22,29.2171857887065,16.7956441804428,20.9555394508761,11.019244617756,15.5552381764607
9/10/1981,448.4,469,443,457,271033333,19,5.99127498271696,0,5.65164821020445,26,28.969709958806,20.6811700608545,19.5088187566977,2.91702321560445,13.9754613063537
16/10/1981,457.35,459.5,447,447.5,215866667,0,5.53040767635412,0,5.21690604018872,12.5,27.702809192744,19.9633460920009,18.8316859993937,2.91702321560445,12.59315654501
23/10/1981,447.9,447.9,433,436,249144445,0,5.10499170124996,14,5.8925286524819,14.9,26.7179777163791,19.1069539597693,22.0545458755644,7.1610410883641,11.9141421129293
30/10/1981,436.25,437,426.5,431.2,265533333,0,4.71230003192304,6.5,5.9392572176756,10.5,25.4704409689653,18.5010539772939,23.3182347526387,11.5190404276219,11.8647544022659
6/11/1981,431.5,436,429.8,430.9,297000000,0,4.3498154140828,0,5.4823912778544,6.19999999999999,23.988099355968,18.1332224347346,22.8546296915785,11.5190404276219,11.8215401554354
13/11/1981,430.95,433,407,415.2,272711111,0,4.01521422838413,22.8,6.81451502571176,26,24.1428609439704,16.6310622328582,28.2257974377045,25.8482989892745,13.5748850096653
20/11/1981,415.4,415.4,395.5,398,264233333,0,3.7063515954315,11.5,7.17493694681085,19.9,23.8164870252035,15.5621254784944,30.1259246975344,31.8766048516582,15.8625999899144
27/11/1981,398.5,420.5,392.5,419.8,210877778,5.10000000000002,3.81355531885985,0,6.62301872013309,28,24.1382957155724,15.798776201087,27.4378058756665,26.9194027731378,17.2447003378173
4/12/1981,420.45,437,406,429,272088890,16.5,4.78943567894755,0,6.11355574166132,31,24.6661191220669,19.4170621460383,24.7852356157317,12.1445575038325,16.6071824835692
11/12/1981,429.4,429.4,408.5,412.5,253933333,0,4.42101754979774,0,5.64328222307199,20.9,24.3764176511386,18.1364530796478,23.1505806301624,12.1445575038325,16.0493543611021
18/12/1981,413.15,429,413.15,418.2,255344444,0,4.08093927673638,0,5.20918359052799,16.5,23.7705393702818,17.1680550161954,21.914452631397,12.1445575038325,15.5612547539434
25/12/1981,419,419,402,406.3,173844445,0,3.76702087083358,11.15,5.66616946817968,17,23.2497286494909,16.2024294030462,24.3709058011038,20.1326224648697,16.1326757178092
1/01/1982,407.25,407.25,396.5,402.8,163733333,0,3.47725003461561,5.5,5.65338720139663,10.75,22.2882110610685,15.6012971390487,25.3649213295165,23.8333547870908,17.0952606014694
8/01/1982,403.2,411,395.5,397.5,245822221,3.75,3.49823080118364,0,5.21851126282766,15.5,21.7660409794479,16.0719664383926,23.9754729293909,19.7353604019845,17.4252730765338
15/01/1982,397.55,397.55,371.5,372,263422222,0,3.22913612416952,24,6.66324116568707,26.05,22.0955762887211,14.6144010093905,30.1564488684026,34.7146589833245,19.5864463148826
22/01/1982,372.95,379.8,369,378.5,257588889,0,2.98074103769494,2.5,6.3429918452496,10.8,21.2266858049733,14.0424231322845,29.8821582583724,36.0612090647199,21.6457916586123
29/01/1982,378.7,395.8,370.5,391.8,309100001,16,3.98222249633379,0,5.85506939561502,25.3,21.5400176661292,18.4875544582104,27.1822868781666,19.0382365375783,21.319847268483
5/02/1982,392.45,394.4,384.5,392,276611111,0,3.6758976889235,0,5.40467944210617,9.89999999999998,20.6446316918116,17.8055861872386,26.1795876176849,19.0382365375783,21.0346459271199
12/02/1982,392.7,392.7,382.7,384.9,259266667,0,3.39313632823707,1.80000000000001,5.127396408098,10,19.8258138693646,17.1147391506598,25.862224077575,20.3538925737041,20.949551757943
19/02/1982,385.3,385.3,368.5,369.3,231877778,0,3.13212584144961,14.2,5.82528899209047,16.8,19.5930589563365,15.9858950479841,29.7313911271957,30.0662992692557,22.089145196857
26/02/1982,369.4,373.1,362.7,364.5,312455556,0,2.89119308441502,5.80000000000001,5.82334368500659,10.4,18.8859005750799,15.3087382458742,30.834344710522,33.64666049583,23.5338346092287
5/03/1982,365.2,366.5,336,336.3,365355555,0,2.6687936163831,26.7,7.42924032462146,30.5,19.7792928385353,13.4928666973552,37.5606973680441,47.1423124149729,26.4848943349467
12/03/1982,336.75,339.8,317.5,319.6,339322221,0,2.46350179973824,18.5,8.2808372227275,22.3,19.9731933894172,12.3340406899757,41.4597558901879,54.1432601002777,29.9421900556131
19/03/1982,320,328,312.5,317.7,268544444,0,2.27400166129684,5,8.02846512867154,15.5,19.6291015902312,11.5848483989126,40.9008282511872,55.8552003582082,33.1813163434375
26/03/1982,318.4,336,318.4,329.2,298322222,8,2.71446307196631,0,7.4108908880045,18.3,19.5268630063673,13.901173327642,37.9522859641508,46.3828507586487,34.8315081453389
2/04/1982,330.05,337.2,323.4,336.8,267999999,1.19999999999999,2.59796591258429,0,6.840822358158,13.8,19.0863350828006,13.6116541039113,35.841466308126,44.9512831930496,36.0964800263027
9/04/1982,337.75,368.5,337.75,366,226022222,31.3,4.80581468853935,0,6.31460525368431,31.7,20.0566169995082,23.9612427592209,31.4839000706806,13.5677480974991,33.2803885352022
16/04/1982,366.85,377.5,355.8,366,268800001,9,5.12844432788247,0,5.82886638801629,21.7,20.1830310764691,25.4096835527424,28.8800347476649,6.39228071827441,29.9193750580863
23/04/1982,366.5,366.5,342,356.7,341344444,0,4.73394861035305,13.8,6.44203051201504,24.5,20.5151056090484,23.0754289086627,31.4014006789889,15.2835101332943,28.0898919424873
30/04/1982,357,367,335.5,346.5,296711111,0,4.36979871724897,6.5,6.44648970339849,31.5,21.3600974852755,20.4577657955975,30.1800575013403,19.1996635572816,26.9786133943366
7/05/1982,346.6,351,331,336.5,331933333,0,4.03366035438367,4.5,6.29675972621399,20,21.2554746017928,18.9770420559956,29.6241784489861,21.9071378915251,26.3446789564851
14/05/1982,337.05,341.5,329,340,298133333,0,3.72337878866185,2,5.96623974727446,12.5,20.581976555501,18.0904821197393,28.9876909109579,23.1470511485505,25.9449754804933
21/05/1982,340.2,345.8,335.6,337.2,263333334,4.30000000000001,3.76773426645709,0,5.50729822825335,10.2,19.7833629743086,19.0449635451263,27.8380285263194,18.7553408873589,25.0462711563515
28/05/1982,337.55,338.5,327.5,329,247111111,0,3.4779085536527,8.10000000000002,5.70673682608001,11,19.1077196685926,18.20158875038,29.8661322494709,24.2668952395871,24.948849166756
4/06/1982,329.3,329.3,321,325.3,203811111,0,3.21037712644865,6.5,5.7677570702277,8.30000000000001,18.2763566171624,17.5657391333344,31.5585714978417,28.4845368509393,25.3908101272789
11/06/1982,325.45,343.2,325.45,333.2,296422222,13.9,4.03265580902952,0,5.32408344944096,17.9,18.2474061081499,22.099885239187,29.1772069843015,13.8021120898751,23.9422228726034
18/06/1982,333.95,333.95,308,308.5,271533334,0,3.72245151602725,17.45,6.25684626102242,25.95,18.8399133305999,19.758326117038,33.2105894078611,25.3965238999457,24.1240105010212
25/06/1982,309.35,315.5,297.5,310.2,292188889,0,3.43610909171746,10.5,6.58324270248224,18,18.7753046128614,18.3012162122987,35.0633070313682,31.4105510556749,25.0348280703529
2/07/1982,310.65,322.5,305.5,315,271811110,7,3.71025454620073,0,6.07683941767591,17,18.6387427195644,19.9061417501418,32.6032689495589,24.1806697699036,24.9280582827967
9/07/1982,315.15,349.7,308.3,348,244900000,27.2,5.51715804264683,0,5.60939023170084,41.4,20.3896086642133,27.0586754925328,27.5110244834965,0.828938020847431,21.9156682500531
16/07/1982,348.15,362,340.2,351.5,354277778,12.3,6.03891511628938,0,5.17789867541616,21.8,20.4981003054277,29.4608525975958,25.2603831489941,7.67612315638078,20.135725113344
23/07/1982,352,377,344.5,361.2,313344444,15,6.72822933811328,0,4.77959877730723,32.5,21.4213233588563,31.4090274694985,22.3123412930097,16.9330871234937,19.7353953646127
30/07/1982,362.15,362.15,334.3,355.5,258066666,0,6.21067323518149,10.2,5.19655271751436,27.85,21.9158369466366,28.338745402715,23.7114043609996,8.89015893848811,18.3797408113472
6/08/1982,356.05,366.85,354,355.5,300822223,4.70000000000005,6.09446760170599,0,4.79681789309018,12.85,21.2184648738184,28.7224718562274,22.6068093126238,11.9145688471377,17.571594315821
13/08/1982,356.35,356.35,340.2,344.9,278977777,0,5.62566240157476,13.8,5.48937036285248,16.15,20.8285829604477,27.0093381400817,26.3549871504771,1.22619556424951,15.5284194718745
20/08/1982,345.7,401,345.7,396,505700012,44.65,8.62753452453055,0,5.06711110417152,56.1,23.5417688865672,36.6477751357647,21.523918311265,25.9986531735942,16.8371986845895
27/08/1982,397,441,397,413,611000007,40,11.0408010995667,0,4.67733332692755,45,25.1924020491389,43.8259165522648,18.5664444295713,40.4848794390825,19.7931587789011
3/09/1982,413.65,465.5,405,465.5,482666661,24.5,12.0761240919077,0,4.31753845562543,60.5,27.9083711222821,43.2706159703678,15.4704064838034,47.3267374742305,23.2348561158173
10/09/1982,466.35,509,447,452,323433333,43.5,14.4933453156071,0,3.98542011288502,62,30.5308041128758,47.4712204173319,13.0537672645322,56.8648660181599,27.4386073536101
17/09/1982,452.75,468,441,443,394577778,0,13.3784725990219,6,4.14038779650925,27,30.2592037965007,44.2129035813199,13.6830692055025,52.7322245508001,30.6003095032589
24/09/1982,443.05,457.8,423,424.3,419388882,0,12.3493593221741,18,5.20651181216238,34.8,30.6084958121545,40.3461816548013,17.0100218060859,40.6863746911508,31.8610676517454
1/10/1982,424.95,424.95,396,413,334333333,0,11.3994086050838,27,6.88293398045758,28.95,30.4809192112195,37.3985066726198,22.5811233997303,24.7040257751108,30.966437417166
8/10/1982,413.45,444,390,424.5,542566672,19.05,11.987915635462,0,6.35347752042239,54,32.290079271895,37.1256928003151,19.6762524703753,30.7197935683087,30.9356069360589
15/10/1982,425.5,465,425.5,433,658288895,21,12.6811528942726,0,5.86474848038989,40.5,32.9216116355953,38.5192348255561,17.8142812244612,36.7542362928517,31.662935605658
22/10/1982,433.25,449,422.5,435.5,563222228,0,11.7056795947131,3,5.6443832126676,26.5,32.4276415097803,36.0978444614378,17.4060861347725,34.9352993665652,32.0719810757714
29/10/1982,435.65,435.65,414,423,462099999,0,10.8052427028121,8.5,5.8640460424624,21.65,31.5985921628741,34.1953294853036,18.5579345188429,29.6425164616006,31.768297999
5/11/1982,423.7,438.5,416,419,623566667,2.85000000000002,10.193300956442,0,5.4129655776576,22.5,30.8987004580377,32.9894164004894,17.5184247150094,30.6308710564399,31.62611963118
12/11/1982,419.85,419.85,398,410.5,525766666,0,9.40920088286951,18,6.38119899476086,21.85,30.2026465766502,31.1535641719021,21.1279464485546,19.1762204350398,30.0698822316625
19/11/1982,411.45,421,401,414.8,460199994,1.14999999999998,8.7738777380334,0,5.89033753362541,20,29.4178276092155,29.8250362147233,20.0230200947271,19.663788010402,28.7691204540049
26/11/1982,415,438.5,405,433.9,282122222,17.5,9.44511791203083,0,5.43723464642346,33.5,29.7318408700451,31.7676862099272,18.2875815533557,26.9304416077053,28.5392855982175
3/12/1982,434.85,456.4,433.5,447.8,457266667,17.9,10.0954934572592,0,5.01898582746781,22.9,29.2063146492724,34.5661326274547,17.1845913725813,33.5870494388858,29.170256078301
10/12/1982,448.35,465.5,439.5,441.5,521866661,9.10000000000002,10.0189170374701,0,4.63290999458567,26,28.9596750608668,34.5960961799899,15.9977968842824,36.7599687813725,30.118970166185
17/12/1982,442.25,457.5,435,444.2,435822223,0,9.24823111151082,4.5,4.62268614884831,22.5,28.4627769792617,32.4923710650201,16.2411635105614,33.3470734187247,30.5224830727524
24/12/1982,444.55,456.5,443.4,450.8,318411111,0,8.53682871831768,0,4.26709490662921,13.1,27.2810249039339,31.2921847635082,15.64125586064,33.3470734187247,30.875556865999
31/12/1982,451.05,468.8,449,453,307333333,12.3,8.82630343229324,0,3.9388568368885,19.8,26.7055614497851,33.0504320191488,14.7492006273479,38.2873892089256,31.8020359088648
7/01/1983,453.5,471.5,449.5,469.5,540777783,2.69999999999999,8.35504932211684,0,3.63586784943554,22,26.343595184417,31.71567610126,13.8017147013641,39.356301149984,32.7463190640047
14/01/1983,469.85,497,469.85,490,526111129,25.5,9.67389168195401,0,3.35618570717127,27.5,26.4325494010003,36.5984057579701,12.6971699031205,48.4855598789875,34.7137241658775
21/01/1983,490.75,505,481.5,485,453766667,8,9.54513078334216,0,3.0980175758504,23.5,26.2069686778465,36.4221093277795,11.8213503207231,50.9929411909828,36.7486262940157
28/01/1983,485.65,507.5,473,502.8,468744450,0,8.8108899538543,8.5,3.51355468540037,34.5,26.844894164166,32.8214739829951,13.0883536508423,42.9823446289933,37.5278410858879
4/02/1983,503.1,519.05,498,501,436666667,11.55,9.02159072663474,0,3.24328124806188,21.05,26.3991330746147,34.173814348888,12.2855596768842,47.1126766793323,38.7259455350684
11/02/1983,501.4,513.5,495,510,474822216,0,8.3276222092013,3,3.22456730590327,18.5,25.7915074534905,32.2882337304959,12.5024382995763,44.1739195554725,39.406942287619
18/02/1983,510.2,520,506.2,510.5,440144444,6.5,8.18703588541658,0,2.97652366698764,13.8,24.869083803222,32.9205368006194,11.9687709066387,46.6742905250753,40.315360817301
25/02/1983,510.55,510.55,448.7,448.7,424855561,0,7.55726389423069,57.5,7.17063723106551,61.85,27.7137696645126,27.2689857270039,25.8739150893914,2.62513076286968,35.6040820604971
4/03/1983,449.25,449.25,408,420,561633334,0,6.97593590236679,40.7,9.74981898252201,41.25,28.7550181518578,24.259890449473,33.9064956628869,16.584501562087,33.2266344981958
11/03/1983,420.4,439.5,418,429.3,455922228,0,6.43932544833858,0,8.99983290694339,21.5,28.1969398324842,22.8369655948274,31.9177646950723,16.584501562087,31.1463678811822
18/03/1983,429.45,442,411,416.5,392522223,0,5.9439927215433,7,8.84599960640929,31,28.41255984537,20.9202998740429,31.1341169347358,19.6214225167737,29.7057497106311
25/03/1983,416.6,424.3,406.5,414.5,462688889,0,5.48676251219382,4.5,8.51169194437781,17.8,27.5962090880338,19.8823051915959,30.8437000068557,21.6090243502841,28.6936590405878
1/04/1983,415.15,425.3,406.5,422,333533339,1,5.14162693433276,0,7.8569464101949,18.8,26.9195776197235,19.0999539701751,29.1867373299284,20.8893653472001,27.7181223289143
8/04/1983,422.15,439.8,422,427.2,396833332,14.5,5.86150178553793,0,7.25256591710298,17.8,26.2180716489756,22.3567234997886,27.662468903911,10.6074191708262,25.5792844341533
15/04/1983,427.9,443.5,427.9,442.2,490677773,3.69999999999999,5.69523241741963,0,6.69467623117198,16.3,25.4551430605929,22.3736020805808,26.2998963126474,8.06659550202549,23.3901983176373
22/04/1983,442.75,450.8,436,443.3,542722228,7.30000000000001,5.81867607761812,0,6.17970113646645,14.8,24.6355166713165,23.6190543727987,25.0845201215592,3.0089490637495,20.8425421609013
29/04/1983,443.75,446.5,428.2,433.5,555177778,0,5.37108561010903,7.80000000000001,6.30433951058441,18.3,24.1481692350614,22.2422062634488,26.1069046237715,7.99331836595218,19.2363891865327
6/05/1983,433.75,440.8,430.7,439.5,572744444,0,4.95792517856218,0,5.81939031746254,10.1,23.0675408323643,21.4930807518333,25.2276146805289,7.99331836595218,17.8310053339601
13/05/1983,440.3,452.5,435,442.8,516300000,11.7,5.47654631867278,0,5.37174490842696,17.5,22.639268460644,24.1904738582573,23.7275551450135,0.966063761120527,15.7228876373552
20/05/1983,443.2,446.8,436,438,457722222,0,5.05527352492872,0,4.95853376162488,10.8,21.7285555021329,23.2655756818832,22.8203561950455,0.966063761120512,13.8782846528258
27/05/1983,438.9,448.5,432.5,442.8,541255567,0,4.66640633070344,3.5,4.84633885688451,16,21.2878973865842,21.9204661031682,22.7657000072666,1.89148897224582,12.3799351927533
3/06/1983,443.05,446.1,408,418,368033326,0,4.3074519975724,24.5,6.35815894481647,38.1,22.5811360491547,19.0754441592129,28.1569489284153,19.2272806341907,13.235853372933
10/06/1983,418,421,401,412.4,487477778,0,3.97610953622068,7,6.40753133367674,20,22.3825871222966,17.7642982667533,28.6273043355824,23.4158887804455,14.5083577988721
17/06/1983,413.35,423.5,411,417.8,555566661,2.5,3.86256264881909,0,5.9146443080093,12.5,21.6223881128892,17.8637189780004,27.3542602099698,20.988424079098,15.3183660839003
24/06/1983,418.55,428.3,416,426.8,519799988,4.80000000000001,3.93467321429455,0,5.45967166893166,12.3,20.9052813349747,18.8214315380287,26.1162314988682,16.2331538132055,15.4327145500635
1/07/1983,427.2,427.2,414.5,421.2,416766666,0,3.6320060439642,1.5,5.1550815405523,12.7,20.2741058476689,17.9145066680304,25.4269242712128,17.3331093145342,15.6702638956223
8/07/1983,422.05,437,409.5,430.3,351822228,9.80000000000001,4.10646711750541,0,4.75853680666367,27.5,20.8299438593867,19.71424956892,22.8446933836517,7.35554879316503,14.6309245078151
15/07/1983,430.85,439,421,421.7,385988890,2,3.94443118538961,0,4.39249551384338,18,20.6122558702031,19.136339128662,21.3101154065972,5.37445445568081,13.4738657512984
22/07/1983,422.65,432,421,425.7,470144434,0,3.6410134018981,0,4.05461124354774,11,19.8728515724952,18.3215447899657,20.4027651932926,5.37445445568081,12.4614393393462
29/07/1983,425.75,441.6,419.5,427.4,486555561,9.60000000000002,4.09939698636748,0,3.74271807096714,22.1,20.0441706823032,20.4518163976063,18.6723518288115,4.5482489455028,11.4722905401157
5/08/1983,428.1,430.5,420.5,426.8,445288883,0,3.78405875664691,0,3.45481668089275,10,19.2715421682799,19.6354745437825,17.9270379647106,4.5482489455028,10.6067853407891
12/08/1983,427.4,431,418.5,426.2,420277778,0,3.49297731382791,2,3.34290770543946,12.5,18.7506543091815,18.6285622689846,17.8282189534184,2.19532083944469,9.55535227812107
19/08/1983,426.45,436.5,426.45,430.3,426677778,5.5,3.64736367430269,0,3.08576095886719,10.3,18.100603977706,20.1505081200332,17.0478342196086,8.34089291424715,9.40354485763683
26/08/1983,431.3,441,427,430.8,385788888,4.5,3.71295108397171,0,2.84839473126203,14,17.7851729024978,20.8766656603617,16.0155582792337,13.1765094700909,9.87516543419359
2/09/1983,431.65,431.65,423.8,427,368466667,0,3.42733946212774,3.19999999999999,2.87544129039571,7.84999999999997,17.0209288330749,20.1360307403892,16.8935627344154,8.7564234486668,9.73532268600274
9/09/1983,427.1,429,421,422.9,376644445,0,3.16369796504099,2.80000000000001,2.86963811421143,8,16.3270112305307,19.3770796159252,17.5760160490694,4.87391796125493,9.12764709540927
16/09/1983,423.2,426.5,407,418.7,452566666,0,2.92033658311476,14,3.72581979773363,19.5,16.5710872897206,17.623083700285,22.4838583769022,12.1195344867292,9.50163301932425
23/09/1983,419,426,414,423.6,522433344,0,2.69569530749055,0,3.43921827483104,12,16.2194651905114,16.6201244974931,21.2042643480196,12.1195344867291,9.82887070274986
30/09/1983,424,424.3,401,407.8,431011110,0,2.48833412999127,13,4.17466302292096,23.3,16.7641217143182,14.8432120238425,24.9023664589323,25.3088640776716,11.7638698746151
7/10/1983,408.45,408.45,391,405.3,545677754,0,2.29692381229964,10,4.62276586731166,17.45,16.8168815824475,13.6584407818928,27.488841166228,33.6119416144493,14.4948788420944
14/10/1983,406.15,408.8,397.7,403.7,401711111,0.350000000000023,2.14716044212274,0,4.26716849290307,11.1,16.3771214607208,13.1107316219919,26.05566859315,33.0511277524902,16.8144099558938
21/10/1983,403.9,404.5,391,396.8,504711106,0,1.98199425426715,6.69999999999999,4.45430937806437,13.5,16.1558044252808,12.2680010359973,27.5709538244609,38.4120337545611,19.5141129307272
28/10/1983,397,403,383.5,389.8,453633333,0,1.82953315778506,7.5,4.68859327205942,19.5,16.4130502387207,11.1468199461727,28.566251878023,43.8632196697445,22.5577512731044
4/11/1983,390.65,390.65,377.2,382.3,462844450,0,1.68879983795544,6.30000000000001,4.81254763574716,13.45,16.1851232972806,10.4342723063419,29.7343897068473,48.0476979645683,25.7439946095374
11/11/1983,383.1,386,379,385.7,422666666,0,1.55889215811271,0,4.44235166376661,7,15.478575351336,10.071289655079,28.7000034753404,48.0476979645683,28.5319575289163
18/11/1983,386.55,386.55,373,376.3,463466666,0,1.43897737671943,6,4.56217076655379,13.55,15.3302234012332,9.38653885894234,29.7593234433022,52.0432643099337,31.4708708765434
25/11/1983,376.85,378.1,373.8,377.2,423544438,0,1.32828680927947,0,4.21123455374196,4.30000000000001,14.4817446780614,9.1721463042482,29.0796077914674,52.0432643099337,34.0424200557172
2/12/1983,377.9,414,377.9,404.1,555255567,35.9,3.98764936241182,0,3.88729343422335,36.8,16.1985335489798,24.6173479244544,23.9978108047205,1.27437024979218,29.9464138299766
9/12/1983,405.1,410,391,393.4,531666671,0,3.68090710376476,0,3.58827086236001,19,16.414030968289,22.4253695565462,21.8609972729572,1.27437024979217,26.3624083824536
16/12/1983,394.2,397.5,376.5,377,472888888,0,3.39776040347516,14.5,4.42763464217848,21,16.7667978168822,20.264814072333,26.4071571121372,13.1606677068058,24.7121907979976
23/12/1983,377.65,386,375.5,383.6,484411111,0,3.13639421859246,1,4.16397043893398,10.5,16.2847364463528,19.259717398097,25.5697748173662,14.0756834561973,23.3826273802725
30/12/1983,383.75,388.5,378.5,388,342066667,2.5,3.08744081716227,0,3.84366502055444,10,15.8012951812487,19.5391629720715,24.3249997956857,10.9105851374691,21.8236220999221
6/01/1984,388.95,388.95,369.1,370,535444433,0,2.84994536968825,9.39999999999998,4.27107540358871,19.85,16.1127340134604,17.6875343893062,26.5074530493752,19.9568303358072,21.5902731294077
13/01/1984,370.3,376.5,364.5,372.5,573922227,0,2.63071880278915,4.60000000000002,4.29637729562035,12,15.7963698585788,16.6539453453,27.1985103798202,24.0455519768759,21.8971829853413
20/01/1984,372.8,378,367,372.4,541388883,1.5,2.54374043334383,0,3.96588673441879,11,15.4274183309958,16.4884388221528,25.7067426923322,21.8468164830975,21.8908871725608
27/01/1984,373.1,379,362.5,375.4,570388888,0,2.34806809231738,4.5,4.00697237023273,16.5,15.5099246132269,15.1391328512,25.8348926262064,26.1037563441361,22.4174958190077
3/02/1984,376.2,393,374.3,391.5,604622222,14,3.24437054675451,0,3.69874372636867,18.7,15.7553150275941,20.5922289784258,23.4761648363783,6.54422729830393,20.4333372539197
10/02/1984,392.45,395,380,382.5,593366672,2,3.1486497354657,0,3.41422497818647,15,15.6972138716253,20.0586534732592,21.7505157673752,4.04662978204221,18.3849988199351
17/02/1984,382.55,392,379.1,388.7,470533327,0,2.90644590966065,0.899999999999977,3.22082305678751,12.9,15.482043573808,18.7730120756002,20.8036041329608,5.13078744948741,16.7282223986291
24/02/1984,389.2,404.5,388,399.5,405344445,12.5,3.64441160891752,0,2.97306743703462,16.5,15.5603479142843,23.4211447519883,19.1066899879878,10.1450139429388,15.9053213416678
2/03/1984,399.95,406,394,403.7,525822228,1.5,3.47945686977002,0,2.74436994187811,12,15.2864749978009,22.7616691897287,17.9529286004322,11.8108512678432,15.3935125824397
9/03/1984,404.15,410.5,398,402.8,441488889,4.5,3.55796018748002,0,2.53326456173364,12.5,15.0721307672008,23.6062189376877,16.8076073705942,16.8224892026625,15.5721346599676
16/03/1984,403.25,403.25,393,395.3,513155556,0,3.28427094228925,5,2.72301344160028,10.25,14.7011976312623,22.3401591126508,18.5223919159468,9.34294874060159,14.7934864200468
23/03/1984,395.8,396.5,385.5,386.8,449766667,0,3.03163471595931,7.5,3.09047394609257,11,14.4164901211652,21.0289376296141,21.4370760158561,0.96109418145389,13.0644373902227
30/03/1984,387.05,398,387,394.3,445188882,1.5,2.91381666088551,0,2.85274518100853,11.2,14.1690678041525,20.5646320644437,20.1336123197356,1.05906225496972,11.5637654983161
6/04/1984,394.65,394.65,382.8,387.1,505433328,0,2.68967691774047,4.19999999999999,2.95638016708479,11.85,13.9906779730638,19.2247789772511,21.1310715090198,4.72370798483653,10.7087583091311
13/04/1984,387.15,390.7,382.5,387,474211117,0,2.4827786932989,0.300000000000011,2.75204323115519,8.19999999999999,13.5452412059051,18.3295273635772,20.3174176769583,5.14371915114144,10.0131284143824
20/04/1984,387.3,395,381.5,388.8,369911106,4.30000000000001,2.62256494766052,0,2.54034759798941,13.5,13.5417611131431,19.366498387829,18.7593591170637,1.5924606303933,8.96054494138379
27/04/1984,388.9,392.8,378.5,381.5,477988889,0,2.42082918245587,3,2.57570547506715,14.3,13.6000871813629,17.8001004712182,18.9388894403325,3.09967413871716,8.22793609105046
4/05/1984,382.1,383.7,377.5,378.5,534288876,0,2.23461155303619,1,2.45449736160044,6.19999999999999,13.0308497058734,17.1486250204311,18.8360499660595,4.68928772112556,7.78560504480985
11/05/1984,379.3,379.3,370,373.3,488388889,0,2.06271835664879,7.5,2.84261294916964,9.30000000000001,12.7438612669601,16.1859762393727,22.3057430524564,15.8989178079733,8.79976914020528
18/05/1984,373.4,380,373.4,379.6,459933328,0.699999999999989,1.9578938676758,0,2.62395041461813,6.69999999999999,12.2789488618093,15.9451260015045,21.3695035637724,14.5368656354437,9.51690620211008
25/05/1984,380.2,390.5,375.5,390,468144444,10.5,2.61497895477766,0,2.42210807503212,15,12.488260487824,20.9394971968054,19.3950797022025,3.82901622711939,8.80591995523625
1/06/1984,390.05,405.3,390.05,397,391833333,14.8,3.55228826594861,0,2.23579206926042,15.3,12.7045481426068,27.9607603991474,17.5983596123527,22.7449537747414,10.5482991826744
8/06/1984,397.1,403.2,389,389.5,461088889,0,3.2790353224141,1.05000000000001,2.14457729470193,14.2,12.8195829008678,25.5783308066298,16.7289163094125,20.9170180062642,11.8443890356231
15/06/1984,390.35,390.35,371.5,375.3,428666667,0,3.02680183607456,17.5,3.32576365664793,18.85,13.2834611392626,22.7862437684113,25.0368757192191,4.70615880963156,10.9521102573742
22/06/1984,376.2,381.4,371.7,376.6,570855561,0,2.79397092560729,0,3.06993568305963,9.69999999999999,13.0078102823962,21.4791795463717,23.6007107761577,4.70615880963155,10.1713663264064
29/06/1984,377.15,378.1,370,376.1,446977783,0,2.57905008517596,1.69999999999999,2.96455601513197,8.10000000000002,12.6302864145196,20.4195692839643,23.4718035508993,6.95406424952518,9.76920356679621
6/07/1984,377.1,377.1,339,347.2,301266666,0,2.3806616170855,31,5.12112862935258,38.1,14.5894951518642,16.3176421960104,35.1014793592649,36.5308402693382,13.114408154614
13/07/1984,348,351,336,345.8,444344444,0,2.19753380038661,3,4.95796488863316,15,14.6210724478747,15.0299084299117,33.9097210981527,38.577759681271,16.2973270954461
20/07/1984,346.35,353.5,338,340,441411112,2.5,2.22080043112611,0,4.57658297412291,15.5,14.6886822595766,15.1191263578338,31.1572058898551,34.6571967851283,18.5923108066564
27/07/1984,340.3,345,332,342,482933333,0,2.04996962873179,6,4.68607659149807,13,14.5587836242246,14.0806380645758,32.1872809738091,39.1343360271113,21.1600639592132
3/08/1984,342.25,365.5,342.25,363,773377791,20.5,3.46920273421396,0,4.32560916138284,23.5,15.2465694992842,22.7539889178141,28.3710323268845,10.9868774081983,19.8884156403364
10/08/1984,363.45,365.5,353.1,354.8,838000001,0,3.20234098542827,0,3.99286999512262,12.4,15.0276026147239,21.3097262918747,26.5702394286793,10.9868774081983,18.7757233613191
17/08/1984,355.2,369,353.8,362.3,462688894,3.5,3.22523783270302,0,3.68572614934396,15.2,15.0408639520528,21.4431687101513,24.5047502662965,6.66315607832968,17.2616524509454
24/08/1984,362.7,368,353.5,362.3,524800000,0,2.97714261480279,0.300000000000011,3.4252856763175,14.5,14.9992590326642,19.8485979095328,22.8363659088638,6.99957955228104,15.9788933386124
31/08/1984,362.5,362.5,356.7,358,385755555,0,2.74813164443334,0,3.16180216275461,5.80000000000001,14.2916237224592,19.2289672454409,22.1234635346987,6.99957955228104,14.856479115321
7/09/1984,358.4,358.4,343.3,344.3,341544444,0,2.53673690255385,13.4,3.94935584254272,15.1,14.3538065130393,17.6729211185161,27.5143449854577,21.7791973612587,15.7218188960632
14/09/1984,344.8,350.8,344.2,348.1,557322223,0,2.3416032946651,0,3.6455592392702,6.60000000000002,13.7573598581901,17.0207315851455,26.4989741988897,21.7791973612587,16.4789912042126
21/09/1984,348.9,356.5,341.6,354.3,587799995,5.69999999999999,2.59994150276778,0,3.36513160548019,14.9,13.8452552537139,18.7785739961013,24.3053056358604,12.8278411484072,16.0225974472369
28/09/1984,355.15,356.1,348.3,351.3,478511111,0,2.39994600255487,0,3.10627532813556,7.80000000000001,13.3802356188129,17.9365003048265,23.2154008092957,12.8278411484072,15.6232529098832
5/10/1984,352.1,355.8,346.3,347,461155556,0,2.21533477158912,2,3.02117722597128,9.5,13.0817559558273,16.9345367630276,23.0945848261716,15.3889164153085,15.5939608480614
12/10/1984,347,348.4,338,346.3,440755544,0,2.0449244045438,8.30000000000001,3.42724051628119,10.4,12.8754670361482,15.8823318703905,26.6183782433609,25.2608635108349,16.8023236809081
19/10/1984,346.45,346.45,339,342.4,674066678,0,1.8876225272712,0,3.1636066304134,7.44999999999999,12.458123417983,15.1517404663568,25.3939259089921,25.2608635108349,17.8596411596489
26/10/1984,343.15,345,339.5,340.3,490622222,0,1.74242079440418,0,2.92025227422776,5.5,11.9228831550612,14.6140893250684,24.4928364746082,25.2608635108349,18.7847939535472
2/11/1984,340.4,347,333.5,345.4,504888901,0,1.60838842560386,6,3.15715594544101,13.5,12.0441998354411,13.3540496469598,26.2130817204709,32.4992781359324,20.4991044763453
9/11/1984,346.1,353.5,344.5,347.5,521033332,6.5,1.98466623901895,0,2.9142977957917,9,11.8100306173303,16.8049203539457,24.6764626631467,18.9760845388341,20.3087269841564
16/11/1984,348.25,353,344,345,404455556,0,1.83199960524826,0.5,2.7285825807308,9,11.5938744159972,15.8014442757848,23.5346915347462,19.6593973953363,20.2275607855539
23/11/1984,345.8,348,340.8,345.5,342777778,0,1.6910765586907,3.19999999999999,2.76484545913612,7.19999999999999,11.2558840763051,15.0239336797241,24.5635566286298,24.0975693952809,20.7113118617698
30/11/1984,346.15,346.15,325.2,333.5,457477772,0,1.56099374648373,15.6,3.75216503920258,20.95,12.0015853012047,13.006562944039,31.2639117669392,41.2404631802438,23.277455776579
7/12/1984,333.7,337,328,330.8,492011112,0,1.44091730444652,0,3.46353695926392,9,11.770694124189,12.2415661238313,29.4250867682161,41.2404631802438,25.5228317020371
14/12/1984,331.55,333.5,324,325.4,462222223,0,1.33007751179678,4,3.50480334701285,9.5,11.5960253454052,11.4701155971845,30.2241780490898,44.9799260565748,27.9549684963543
21/12/1984,325.5,325.5,306.6,313.2,658344450,0,1.22776385704319,17.4,4.57366462801186,18.9,12.1578695496048,10.0985115199159,37.6189644851102,57.6737398312844,31.6698149132206
28/12/1984,313.35,315.6,307.3,310,277133333,0,1.13332048342448,0,4.22184427201095,8.30000000000001,11.8611103534813,9.55492740265956,35.5940055036398,57.6737398312844,34.9203055279786
4/01/1985,310.3,310.3,299.3,299.7,349377779,0,1.04614198469952,8,4.51247163570241,11,11.7948710955212,8.86946517878234,38.2579139624162,62.3596077676694,38.3502183079399
11/01/1985,300.7,307,296.7,300.3,566477768,0,0.965669524338018,2.60000000000002,4.36535843295607,10.3,11.6798810112504,8.26780275764675,37.3750248718394,63.7717328787685,41.5279076292935
18/01/1985,300.55,309.5,298.3,307.2,704444445,2.5,1.08369494554279,0,4.02956163042099,11.2,11.642967087308,9.30772145464637,34.6094049755891,57.6123384601124,43.5384614831459
25/01/1985,307.85,309.35,297.8,300.4,832333333,0,1.00033379588565,0.5,3.75805688961938,11.55,11.6358157728997,8.59702332358565,32.2973220182124,57.9549531763814,45.3405229448003
1/02/1985,300.75,311,300,306.5,724444445,1.64999999999998,1.05030811927906,0,3.46897559041789,11,11.5869068672921,9.06461173209138,29.9387544074445,53.5188234796841,46.3628105116608
8/02/1985,306.9,307,301.3,303.4,740888889,0,0.969515187026823,0,3.2021313142319,5.69999999999999,11.1340678775004,8.70764573823025,28.7597610277079,53.5188234796841,47.2573121326637
15/02/1985,303.4,308.5,301.8,306.9,670888888,1.5,1.01032171110168,0,2.95581352082944,6.69999999999999,10.7929857330773,9.36091028088132,27.3864303532873,49.0525838368979,47.481721095693
22/02/1985,307.1,307.1,296,296.5,451422222,0,0.932604656401554,5.80000000000001,3.17459709615026,11.1,10.8166022151482,8.62197423785702,29.3493005752246,54.5868592492626,48.3698633648892
1/03/1985,296.85,296.85,282.6,291.6,613600000,0,0.860865836678357,13.4,3.96116655029254,14.25,11.0807097370599,7.76904961059628,35.7483107516502,64.2944813475575,50.3604406127227
8/03/1985,291.65,295.5,287,288.5,604322216,0,0.794645387703099,0,3.65646143103927,8.5,10.8821936034399,7.3022537243953,33.6004078247923,64.2944813475575,52.1021957045771
15/03/1985,288.5,297.4,287.5,295.2,541388890,1.89999999999998,0.87967266557209,0,3.37519516711317,9.89999999999998,10.8066402493292,8.1401124241801,31.2326041141482,58.6509992712547,52.9207961504118
22/03/1985,295.55,335,295.55,316.8,573222234,37.6,3.70431322975885,0,3.11556476964293,39.8,13.0368986916885,28.4140677730395,23.8980515483274,8.63282979794607,47.3848003563535
29/03/1985,317.55,339,316.5,334.1,517944451,4,3.72705836593125,0,2.87590594120886,22.5,13.7648295615586,27.0766764620167,20.8931460309576,12.8904592714821,43.0730077207446
5/04/1985,334.85,334.85,319,324,415544445,0,3.44036156855192,0,2.65468240726971,15.85,13.9252272875925,24.7059634826737,19.0638353862637,12.8904592714821,39.3001891645868
12/04/1985,324.9,337.5,319.7,331.6,518622221,2.64999999999998,3.37956452481716,0,2.45047606824897,17.8,14.2232867270085,23.760784618085,17.2286203272256,15.9362262018071,36.3796937942393
19/04/1985,332.25,338.6,327.5,331.3,507633333,1.10000000000002,3.20421340752353,0,2.26197790915289,11.1,13.983033901854,22.9150085025446,16.1765888935804,17.2375140894911,33.9869213311458
26/04/1985,331.95,332,323,325.2,537333334,0,2.95773545309865,4.5,2.43413345460267,9,13.5997236017114,21.7484968056737,17.8984038638577,9.71095565302235,30.9524256213804
3/05/1985,325.5,328.05,312,313.3,560922216,0,2.73021734132183,11,3.09304626578708,16.05,13.7882064015797,19.8011058277241,22.4325497871333,6.23068006095964,27.8622074263278
10/05/1985,314.2,318.5,309.7,317.5,598277778,0,2.52020062275861,2.30000000000001,3.03204270688038,8.80000000000001,13.4044982168428,18.8011560148664,22.619591258333,9.21865368164716,25.5317632082427
17/05/1985,318.45,329.8,318,321,570344445,11.3,3.19556980562333,0,2.79880865250497,12.3,13.3195368155472,23.9915985809154,21.0128076618855,6.61888727730163,23.1676537168751
24/05/1985,321.25,324.8,312.8,314.8,627633334,0,2.94975674365231,5.19999999999999,2.98351567923536,12,13.2180339835821,22.3161534258132,22.5715540067543,0.568976665437144,20.3428190854453
31/05/1985,315.2,323,308.6,319.5,477266667,0,2.72285237875598,4.19999999999999,3.07709139621725,14.4,13.3089544463834,20.4588000486836,23.1204593013948,6.10762847374171,18.5634202589824
7/06/1985,319.55,322.4,315.8,317.7,667922216,0,2.51340219577475,0,2.84039205804669,6.59999999999997,12.7928810274309,19.6468816553944,22.2029115408503,6.10762847374171,17.0064462858273
14/06/1985,317.95,324.5,312.5,322,542033339,0,2.32006356533054,3.30000000000001,2.87574651512003,12,12.731890179167,18.2224597658471,22.5869566470623,10.6948279707195,16.2174939964388
21/06/1985,322.1,331.3,314,316.6,566966666,6.80000000000001,2.66467406030511,0,2.65453524472618,17.3,13.083283242308,20.3670134701987,20.289519041689,0.190607569612725,14.2141331930856
28/06/1985,317.25,320.2,315.3,317.7,575300007,0,2.45969913258933,0,2.45034022590109,4.89999999999998,12.4537999159766,19.7505913792132,19.6754423744806,0.190607569612717,12.4611924901515
5/07/1985,318.55,318.55,308.3,311.4,408933339,0,2.27049150700554,7,2.80031405467793,10.25,12.2842768455168,18.4829073421132,22.7959210777629,10.4484887307825,12.2096045202303
12/07/1985,311.45,320,310,319.2,593366667,1.44999999999999,2.20737677569742,0,2.58490528124116,10,12.1085632420155,18.2298818743254,21.3477456373337,7.87784402207989,11.6681344579615
19/07/1985,319.75,328,315.2,318.8,713888889,8,2.65296317756685,0,2.38606641345338,12.8,12.1617506849374,21.8139908167382,19.6194320642387,5.29659052983314,10.8716914669455
26/07/1985,319.65,324.2,316.4,322,662266667,0,2.44888908698478,0,2.20252284318774,7.80000000000001,11.8262314014807,20.7072650944253,18.6240465657722,5.29659052983314,10.1748038498064
2/08/1985,322.9,337.5,322,329.7,590911111,13.3,3.28358992644749,0,2.03309800909637,15.5,12.1088289859822,27.1173201822302,16.7902116005602,23.5201300605055,11.8429696261438
9/08/1985,330.5,337,327,336.3,520288889,0,3.03100608595153,0,1.8767058545505,10,11.9466113716759,25.3712621232304,15.7091060901166,23.5201300605055,13.302614680439
16/08/1985,336.55,348.3,332.8,345.6,463811111,11.3,3.66708254087834,0,1.73234386573892,15.5,12.21994895847,30.0089841073892,14.1763592599802,35.8323001267005,16.1188253612217
23/08/1985,345.8,351,339.8,342.7,466566661,2.69999999999999,3.59269157619539,0,1.59908664529747,11.2,12.14149134628,29.5902000316966,13.1704302189154,38.3992698810751,18.9038809262034
30/08/1985,343.5,348.9,338.5,339.8,453600001,0,3.31633068571882,1.30000000000001,1.57607998027459,10.4,12.0075304734893,27.6187571877561,13.1257629014919,35.5704135292755,20.9871975015874
6/09/1985,339.95,339.95,321,326.6,395800000,0,3.06122832527891,17.5,2.80099690486885,18.95,12.5415665909132,24.4086598200331,22.3337083494679,4.43912354427749,18.9186882569237
13/09/1985,326.85,328.5,323,324,570500006,0,2.82574922333438,0,2.58553560449432,5.5,11.9999076223814,23.5480914708376,21.5462959037448,4.43912354427749,17.1087426678429
20/09/1985,324.25,326.4,318.2,323.8,539999999,0,2.60838389846251,4.80000000000001,2.75587901953322,8.19999999999999,11.7076070360444,22.2793939908646,23.539216947141,2.74958784320409,15.313848314763
27/09/1985,324.45,336.5,324.45,332.9,445433328,10.1,3.18466206011924,0,2.54388832572297,12.7,11.7839449563486,27.0254322462996,21.5877478649664,11.1856174989732,14.7978194627893
4/10/1985,333.5,335.7,324.9,332.2,677555556,0,2.93968805549468,0,2.34820460835967,10.8,11.7082568827834,25.107819933618,20.0559710285536,11.1856174989732,14.3462942173123
11/10/1985,332.35,332.35,327.7,330.7,532377779,0,2.71355820507201,0,2.16757348463969,4.65000000000003,11.1653140456462,24.3034651240297,19.4134573893595,11.1856174989732,13.9512096275199
18/10/1985,331.55,331.55,325.5,329.7,615488889,0,2.50482295852801,2.19999999999999,2.1700678319751,6.05000000000001,10.7718283498272,23.2534615032942,20.1457706296434,7.160704742728,13.1023965169209
25/10/1985,330.25,331.7,325.5,329.4,615088889,0.149999999999977,2.32368273094893,0,2.00313953720779,6.19999999999999,10.4201492459944,22.2998987451373,19.2237125392212,7.40828196480793,12.3906321979068
1/11/1985,330.1,330.3,324.5,328.1,644200001,0,2.14493790549132,1,1.92597495742257,5.80000000000001,10.0647531501487,21.3113811485743,19.1358389887001,5.37871861772107,11.5141430003836
8/11/1985,328.65,328.65,322.1,325.6,652888889,0,1.97994268199199,2.39999999999998,1.96243842223622,6.54999999999995,9.79438752321414,20.2150739625039,20.0363567153633,0.44400222335174,10.1303754032546
15/11/1985,326.45,328.3,323.8,324.7,735666668,0,1.82763939876184,0,1.81148162052574,4.5,9.38712694450536,19.4696354866238,19.2975085053693,0.444002223351737,8.91957875576675
22/11/1985,325.45,329.5,324,327.4,693000000,1.19999999999999,1.77935944501093,0,1.6721368804853,5.5,9.08811717954341,19.5789667965122,18.3991562548196,3.10655305449912,8.19295054310829
29/11/1985,328.1,336.9,326.8,327.3,491744439,7.39999999999998,2.21171641077931,0,1.54351096660181,10.1,9.16595431957853,24.1296905228414,16.839610069896,17.7940075800018,9.39308267271998
6/12/1985,327.95,329,322.8,326.2,747666666,0,2.04158437918091,4,1.7324716614786,6.19999999999999,8.93780398730326,22.8421252254034,19.3836390229601,8.19046443328097,9.24275539279011
13/12/1985,326.6,326.6,315.5,322.2,919333333,0,1.88453942693622,7.30000000000001,2.16074307213409,11.1,9.1041267575107,20.6998373059944,23.733666387625,6.82779621105193,8.94088549507283
20/12/1985,322.9,330.8,321.2,328.7,855111111,4.19999999999999,2.06265177871036,0,1.99453206658531,9.60000000000002,9.1422708530868,22.5617006087051,21.8165934770121,1.67899002664196,8.03314856151898
27/12/1985,329.25,331.4,326.6,329,366455555,0.599999999999966,1.95014010342494,0,1.84110652300183,4.79999999999995,8.80825001823397,22.139926766247,20.9020693008322,2.87592950727865,7.38849617973894
