GOLD weekly prices,,,,,,,,,,
,,,,,,,,,,
Param,Value,,,,,,,,,
length,13,,,,,,,,,
,,,,,,,,,,
,,,,,,,,,,
Date,Open,High,Low,Close,Volume,Gain,AvgGain,Loss,AvgLoss,RSI
5/01/1979,229.35,229.7,219.5,224.8,121888889,0,0,0,0,0
12/01/1979,225.7,228,217.5,219.4,150522222,0,0,5.40000000000001,0.415384615384616,0
19/01/1979,220.15,237.5,216.6,237,152477778,17.6,1.35384615384615,0,0.383431952662722,77.9291553133515
26/01/1979,237.5,243.2,234,240.2,168800000,3.19999999999999,1.49585798816568,0,0.353937187073282,80.8661417322834
2/02/1979,240.25,243.5,232,242.5,149655556,2.30000000000001,1.55771506599909,0,0.326711249606107,82.6625617090695
9/02/1979,242.55,257.55,240,247.3,140211111,4.80000000000001,1.80712159938378,0,0.301579615021022,85.6983240223464
16/02/1979,248,253.3,240.5,250.6,133288889,3.29999999999998,1.92195839943118,0,0.278381183096328,87.348262726949
23/02/1979,251,258.8,248.5,255.7,107888889,5.09999999999999,2.16642313793647,0,0.256967245935072,89.3963742843385
2/03/1979,255.85,257,242,243.2,140155556,0,1.99977520424905,12.5,1.19873899624776,62.522004871463
9/03/1979,243.65,246.9,235,245.9,160577777,2.70000000000002,2.05363865007605,0,1.1065283042287,64.9851314747343
16/03/1979,246.8,250.1,242,248,158533333,2.09999999999999,2.0572049077625,0,1.02141074236495,66.8224014153028
23/03/1979,248.1,249,243.5,246.4,178744445,0,1.89895837639616,1.59999999999999,1.06591760833688,64.0484926241238
30/03/1979,247.3,252,241,243.8,171966667,0,1.75288465513492,2.59999999999999,1.18392394615712,59.6867175601346
6/04/1979,244,246,241.3,244.3,192988890,0.5,1.65650891243223,0,1.0928528733758,60.2506705731848
13/04/1979,245.25,245.25,234.9,235.6,132011112,0,1.52908514993744,8.70000000000002,1.67801803696228,47.6780777177174
20/04/1979,236.15,244.3,231.8,239,163111111,3.40000000000001,1.67300167686533,0,1.54893972642672,51.9252670193171
27/04/1979,239.65,248.8,237.8,248.5,172122223,9.5,2.27507847095261,0,1.42979051670159,61.4077981848723
4/05/1979,248.55,251.5,246.2,250.3,166100000,1.80000000000001,2.23853397318703,0,1.31980663080147,62.9094913139537
11/05/1979,250.65,255.3,246.1,249.8,155677778,0,2.06633905217264,0.5,1.25674458227828,62.1813736720493
18/05/1979,250.1,274.9,250.1,274.4,149033332,24.6,3.7996975866209,0,1.16007192210303,76.6103662667684
25/05/1979,275.4,281.5,267.5,275.3,155400001,0.900000000000034,3.5766439261116,0,1.07083562040279,76.9587878830813
1/06/1979,275.85,282,269.5,276.9,123500000,1.59999999999997,3.42459439333378,0,0.988463649602578,77.6013902381199
8/06/1979,277.8,294.75,275.3,284.6,193077778,7.70000000000005,3.75347174769273,0,0.912427984248533,80.4447579959264
15/06/1979,285.25,286.7,278.4,283.1,214500001,0,3.46474315171636,1.5,0.957625831614031,78.3458631510919
22/06/1979,283.9,287.5,279.5,284.6,187155555,1.5,3.3136090631228,0,0.883962306105259,78.9411012142523
29/06/1979,285.35,288.6,275.5,283.8,195433332,0,3.0587160582672,0.800000000000011,0.877503667174087,77.7069440127428
6/07/1979,284.55,303.5,282.3,301.4,147322223,17.6,4.17727636147741,0,0.810003385083772,83.7586133875429
13/07/1979,301.55,304.5,297,301.4,204111111,0,3.85594741059453,0,0.747695432385021,83.7586133875429
20/07/1979,302.35,315,302.35,313.7,166644445,12.3,4.50548991747188,0,0.690180399124635,86.7162395404498
27/07/1979,314.05,319.5,314.05,317.3,168300000,3.60000000000002,4.43583684689712,0,0.63708959919197,87.4413791336729
3/08/1979,317.5,317.5,293,295.8,183833333,0,4.09461862790503,21.5,2.24192886079259,64.6190790049081
10/08/1979,296.4,314.5,288,312.7,209933334,16.9,5.07964796422003,0,2.06947279457777,71.0527648867722
17/08/1979,313.2,313.2,298.5,307.3,230722222,0,4.68890581312618,5.39999999999998,2.32566719499487,66.8452065107548
24/08/1979,307.95,326,305.3,320.7,197833334,13.4,5.35898998134724,0,2.1467697184568,71.3983686619644
31/08/1979,320.95,330,320.95,326.7,164400000,6,5.40829844432053,0,1.98163358626782,73.1846845401899
7/09/1979,327.05,348,327.05,346.3,155211112,19.6,6.49996779475742,0,1.82920023347798,78.0386200965439
14/09/1979,347.05,359.2,340,354.4,213422222,8.09999999999997,6.62304719516069,0,1.68849252321045,79.6849611453057
21/09/1979,355.3,396.8,355.3,384.2,232455556,29.8,8.40588971860987,0,1.55860848296349,84.3583846227461
28/09/1979,384.3,409,377.5,404.5,192177777,20.3,9.32082127871681,0,1.43871552273553,86.6284622722669
5/10/1979,405.15,444.5,379,393,207566667,0,8.60383502650782,11.5,2.2126604825251,79.5436471944421
12/10/1979,393.65,424.5,373,404,281899999,11,8.78815540908414,0,2.04245583002317,81.1418230704446
19/10/1979,404.15,413,377,400,189211110,0,8.11214345453921,4,2.19303615079062,78.7190885090796
26/10/1979,400.6,405.5,375,377.7,186366668,0,7.48813241957466,22.3,3.73972567765288,66.6924390630095
2/11/1979,377.85,389,365,378.5,143266667,0.800000000000011,6.97366069499199,0,3.45205447167958,66.8890391067373
9/11/1979,379.5,403.5,379.5,391.2,143988889,12.7,7.41414833383876,0,3.18651182001192,69.9404398050208
16/11/1979,391.85,414.4,385,410.9,165877778,19.7,8.35921384662039,0,2.94139552616485,73.9713547373075
23/11/1979,411.1,416.5,388.3,415.7,142688889,4.80000000000001,8.08542816611113,0,2.71513433184448,74.861176606696
30/11/1979,416.3,432.8,400,430.5,218666668,14.8,8.60193369179489,0,2.50627784477952,77.4376114775321
7/12/1979,430.95,447.8,430.95,436,201911112,5.5,8.36332340781067,0,2.31348724133494,78.3316636647474
14/12/1979,436.4,478,436.4,474.5,201722223,38.5,10.6815292995175,0,2.13552668430918,83.3383993406606
21/12/1979,474.65,500.3,467,495.5,228288889,21,11.4752578149393,0,1.97125540090078,85.3400255571189
28/12/1979,495.9,530,495.8,525,122166667,29.5,12.8617764445593,0,1.81962037006226,87.6059451764831
4/01/1980,525.95,626.5,525.95,611,179722222,86,18.4877936411317,0,1.67964957236516,91.6714798470781
11/01/1980,611,636,597,628,302244444,17,18.3733479764293,0,1.5504457591063,92.2181198034541
18/01/1980,628.35,854.8,628.35,845,304744444,217,33.6523212090116,0,1.43118070071351,95.9206446825173
25/01/1980,845.6,910.6,661,661,283955555,0,31.0636811160107,184,15.4749360314279,66.7481825203318
1/02/1980,661.9,726,625,704,303088889,43,31.9818594917022,0,14.2845563367026,69.1254313070589
8/02/1980,704.95,728,673,717.5,280500000,13.5,30.5601779923405,0,13.1857443108024,69.8583465232939
15/02/1980,718.35,742.5,673,680.5,299111112,0,28.2093950698528,37,15.0176101330484,65.2587310581477
22/02/1980,681.4,683,630.5,641.5,203955557,0,26.039441602941,39,16.8624093535831,60.6953803213033
29/02/1980,641.6,666.5,617,640,227455555,0,24.036407633484,1.5,15.6806855571537,60.5190503698544
7/03/1980,640.65,660,599,605,258666666,0,22.1874532001391,35,17.1667866681419,56.378812738858
14/03/1980,605.7,605.7,516,530,212599999,0,20.4807260308976,75,21.6154953859771,48.6521719564305
21/03/1980,530.95,569,463,565,206311111,35,21.5975932592901,0,19.9527649716712,51.9793190211214
28/03/1980,565.8,572,453,525,256433334,0,19.9362399316524,40,21.4948599738503,48.1190216458737
4/04/1980,525.4,530,483,501.5,145833333,0,18.402683013833,23.5,21.6491015143234,45.9472236521595
11/04/1980,502.35,570,502,544,175277778,42.5,20.2563227819997,0,19.9837860132216,50.3386382106533
18/04/1980,544.3,547,501,520,165677777,0,18.6981441064613,24,20.2927255506661,47.955186100968
25/04/1980,520.9,563,495,547,202755556,27,19.3367484059642,0,18.7317466621533,50.7946226173748
2/05/1980,547.8,547.8,482,516,166566667,0,17.8493062208901,31,19.6754584573723,47.5667372571958
9/05/1980,516.75,524.5,504.5,515.7,207122221,0,16.476282665437,0.299999999999955,18.1850385760359,47.5350681258013
16/05/1980,516.05,530,509,514.8,197055556,0,15.2088763065572,0.900000000000091,16.8554202240332,47.4324340533947
23/05/1980,515.25,517,495,510,204922222,0,14.0389627445144,4.79999999999995,15.9280802067999,46.8480082179703
30/05/1980,510.8,562.5,510.8,555,173566667,45,16.4205809949363,0,14.7028432678153,52.7595577411719
6/06/1980,555.2,617.5,555.2,616,218155555,61,19.8497670722489,0,13.5718553241372,59.3919913187557
13/06/1980,616.4,640,593,613,235366667,0,18.3228619128452,3,12.7586356838189,58.9510265902108
20/06/1980,613.75,617,597,609.5,216611111,0,16.9134109964725,3.5,12.0464329389098,58.4029770126219
27/06/1980,609.8,658,602,657.5,218477778,48,19.3046870736669,0,11.1197842513013,63.4511833171091
4/07/1980,658.35,680.5,651,676,171588889,18.5,19.2427880680002,0,10.2644162319705,65.2138639512498
11/07/1980,676.25,696,653,670.5,247133334,0,17.762573601231,5.5,9.89792267566504,64.2163951919674
18/07/1980,670.85,670.85,604,614,291611112,0,16.3962217857517,56.5,13.48269785446,54.8755510011321
25/07/1980,614.5,680,609,678,243933333,64,20.0580508791554,0,12.4455672502708,61.7102096120075
1/08/1980,678.6,678.6,625,640,265866667,0,18.5151238884511,38,14.4112928464038,56.2318215114235
8/08/1980,640.65,657.5,640.65,647,280877779,7,17.629345127801,0,13.3027318582189,56.9937322209847
15/08/1980,647.35,648,620,635,262855556,0,16.2732416564317,12,13.202521715279,55.2088895924912
22/08/1980,635.9,679.5,622.5,658,261511111,23,16.790684605937,0,12.186943121796,57.9436134789857
29/08/1980,658.3,658.3,641.5,656,216111110,0,15.4990934824034,2,11.4033321124271,57.6122529463725
5/09/1980,656.35,678,654.8,670,205200000,14,15.3837785991416,0,10.5261527191635,59.3740616682883
12/09/1980,670.15,720,670.15,704,255433332,34,16.8157956299768,0,9.71644866384319,63.3787155121801
19/09/1980,704.45,709,680,708,314533334,4,15.8299651969017,0,8.96902953585525,63.8330922986645
26/09/1980,708.7,748.5,703.5,703.5,303733333,0,14.6122755663708,4.5,8.62525803309715,62.8822138280001
3/10/1980,703.55,703.55,669,684.5,254544445,0,13.4882543689577,19,9.4233151074743,58.8709314865243
10/10/1980,685.15,708.5,685.15,700,261155556,15.5,13.643004032884,0,8.69844471459166,61.0658878351634
17/10/1980,700.45,700.45,661,665,264244444,0,12.5935421842006,35,10.7216412750077,54.014338794434
24/10/1980,665.25,673.5,634,639,250488889,0,11.6248081700313,26,11.8968996384686,49.4216162562419
31/10/1980,639.55,652.5,627,642,212333334,3,10.9613613877212,0,10.9817535124326,49.9535341158169
7/11/1980,642.85,665,593,607,232066666,0,10.1181797425119,35,12.8293109345532,44.0927502048167
14/11/1980,607.35,626.5,594,621,307455555,14,10.4167813007802,0,11.8424408626645,46.797597976659
21/11/1980,621.75,649.5,610,638.5,340000000,17.5,10.9616442776433,0,10.9314838732287,50.0688809844959
28/11/1980,638.95,659.5,628,644.5,218377777,6,10.5799793332092,0,10.090600498365,51.1837569115906
5/12/1980,645.05,657,627,638,274566668,0,9.76613476911617,6.5,9.81440046002921,49.8767508386563
12/12/1980,638.05,638.05,558,587,284688888,0,9.01489363303031,51,12.9825235015654,40.9816006027927
19/12/1980,587.05,608,562.5,607.5,280522222,20.5,9.89836335356644,0,11.9838678475989,45.2347078438661
26/12/1980,608.35,619,597.5,617,169811111,9.5,9.86772001867671,0,11.062031859322,47.1468561892013
2/01/1981,617.85,617.85,586,594.5,162100001,0,9.10866463262466,22.5,11.9418755624511,43.2704555237751
9/01/1981,594.9,612,570,581,360600006,0,8.40799812242276,13.5,12.0617312884164,41.0752773213043
16/01/1981,581.6,581.6,555,567.5,237711111,0,7.76122903608255,13.5,12.1723673431536,38.9354178163607
23/01/1981,568.2,581,548,552.5,216122222,0,7.16421141792235,15,12.3898775475264,36.6379197240087
30/01/1981,552.75,552.75,498,512.5,215177778,0,6.61311823192833,40,14.5137331207936,31.3019584486086
6/02/1981,513.2,521,490,514,251866668,1.5,6.21980144485692,0,13.3972921115018,31.7060293717202
13/02/1981,514.4,530.5,490,501,205533335,0,5.74135517986792,13,13.3667311798478,30.0467303307359
20/02/1981,501.6,522,498,514.5,179866668,13.5,6.33817401218578,0,12.3385210890903,33.9362717965703
27/02/1981,514.75,514.75,485,486.5,269744444,0,5.85062216509456,28,13.5432502360833,30.1673747463617
6/03/1981,487.45,487.45,453,467,258911110,0,5.40057430624113,19.5,14.0014617563846,27.8350905482765
13/03/1981,467.7,497.3,467.7,488.5,303455556,21.5,6.63899166729951,0,12.9244262366627,33.9357452766722
20/03/1981,489.5,537,489.5,537,328911111,48.5,9.8590692313534,0,11.9302396030733,45.247278407364
27/03/1981,537.8,568,519.5,542.5,319888889,5.5,9.52375621355698,0,11.0125288643753,46.3752629914109
3/04/1981,543.45,543.45,515,532.5,267344444,0,8.79115958174491,10,10.9346420286542,44.5668052197705
10/04/1981,532.65,545.5,494,496,281533333,0,8.1149165369953,36.5,12.90120802645,38.6128113796494
17/04/1981,496.25,498,476,495.5,230222222,0,7.49069218799566,0.5,11.9472689474923,38.5364089154385
24/04/1981,495.5,509,479.5,491.3,329066667,0,6.91448509661138,4.19999999999999,11.3513251823006,37.8547953308932
1/05/1981,492.15,497.5,478,496,287733334,4.69999999999999,6.74414008917973,0,10.4781463221236,39.1593771472376
8/05/1981,496.45,497.5,478,496.5,245533332,0.5,6.26382162078129,0,9.67213506657565,39.3062163989866
15/05/1981,496.95,503,475,479.5,232099999,0,5.7819891884135,17,10.2358169845314,36.097260298852
22/05/1981,479.75,486.5,466,471,238477777,0,5.33722078930477,8.5,10.1022926011059,34.568581627836
29/05/1981,471.6,495.2,464.8,492.5,236188889,21.5,6.58051149781979,0,9.32519317025158,41.3720211404988
5/06/1981,492.9,499.8,461.5,462.5,296577778,0,6.07431830567981,30,10.9155629263861,35.7525648514566
12/06/1981,463.15,487.5,463.15,476,288555555,13.5,6.64552458985828,0,10.075904239741,39.7425642125437
19/06/1981,476.8,485.5,464.5,467.5,301588889,0,6.13433039063841,8.5,9.954680836684,38.1274542230481
26/06/1981,467.8,475.5,443,447,248266666,0,5.66245882212777,20.5,10.7658592338622,34.4676722402704
3/07/1981,447.7,447.7,412,416.5,192955555,0,5.22688506657948,30.5,12.2838700620266,29.8495697540804
10/07/1981,416.5,423.5,397,422,255122222,5.5,5.24789390761183,0,11.3389569803322,31.6388803580925
17/07/1981,422.6,426.5,402.2,420,237855555,0,4.84420976087246,2,10.6205756741528,31.3241317264001
24/07/1981,420.3,420.3,406,408.2,239655555,0,4.47157824080534,11.8,10.7113006222949,29.4514517380024
31/07/1981,408.2,426.4,398,423.2,222688889,15,5.28145683766647,0,9.88735442057994,34.8178690323887
7/08/1981,423.3,423.3,405,414.8,248711111,0,4.87519092707674,8.39999999999998,9.77294254207379,33.2819941690459
14/08/1981,415,439.3,410,430.5,255177777,15.7,5.70786854807084,0,9.02117773114504,38.7524652979413
21/08/1981,431.5,463,428.5,452.5,226044445,22,6.96110942898847,0,8.32724098259542,45.5321159025377
28/08/1981,453.35,453.35,423,445,248055555,0,6.42563947291243,7.5,8.26360706085731,43.7438330015107
4/09/1981,445.95,463.3,437.5,455.5,230588888,10.5,6.73905182114994,0,7.6279449792529,46.9064754087018
11/09/1981,456.05,474,447.5,470,200944445,14.5,7.33604783490764,0,7.04117998084883,51.025468392925
18/09/1981,470.45,477.5,453.5,465,235477778,0,6.77173646299166,5,6.88416613616815,49.5883477040053
25/09/1981,465.9,482.5,437,441.5,274855555,0,6.25083365814615,23.5,8.16230720261676,43.3689902744438
2/10/1981,441.6,450,428,447.5,275511110,6,6.23153876136568,0,7.53443741780008,45.2676851990842
9/10/1981,448.4,469,443,457,271033333,9.5,6.48295885664524,0,6.95486530873854,48.2441113744108
16/10/1981,457.35,459.5,447,447.5,215866667,0,5.98426971382638,9.5,7.15064490037404,45.5600199133131
23/10/1981,447.9,447.9,433,436,249144445,0,5.52394127430127,11.5,7.48521067726834,42.4619628924757
30/10/1981,436.25,437,426.5,431.2,265533333,0,5.09902271473964,4.80000000000001,7.27865600978616,41.1953067147894
6/11/1981,431.5,436,429.8,430.9,297000000,0,4.7067901982212,0.300000000000011,6.74183631672569,41.1122695991191
13/11/1981,430.95,433,407,415.2,272711111,0,4.34472941374265,15.7,7.43092583082371,36.8958611941992
20/11/1981,415.4,415.4,395.5,398,264233333,0,4.01051945883937,17.2,8.18239307460651,32.8922187200005
27/11/1981,398.5,420.5,392.5,419.8,210877778,21.8,5.37894103892865,0,7.5529782227137,41.5942980318725
4/12/1981,420.45,437,406,429,272088890,9.19999999999999,5.67286865131875,0,6.97197989788957,44.8630810344812
11/12/1981,429.4,429.4,408.5,412.5,253933333,0,5.23649413967885,16.5,7.70490452112883,40.4631236308119
18/12/1981,413.15,429,413.15,418.2,255344444,5.69999999999999,5.27214843662663,0,7.11221955796508,42.5709930367782
25/12/1981,419,419,402,406.3,173844445,0,4.86659855688612,11.9,7.48051036119853,39.4148831857964
1/01/1982,407.25,407.25,396.5,402.8,163733333,0,4.49224482174103,3.5,7.17431725649095,38.5053008042778
8/01/1982,403.2,411,395.5,397.5,245822221,0,4.14668752776095,5.30000000000001,7.03013900599165,37.1007594618963
15/01/1982,397.55,397.55,371.5,372,263422222,0,3.82771156408703,25.5,8.45089754399229,31.1738205068227
22/01/1982,372.95,379.8,369,378.5,257588889,6.5,4.03327221300342,0,7.80082850214673,34.0817803573361
29/01/1982,378.7,395.8,370.5,391.8,309100001,13.3,4.74609742738777,0,7.20076477121237,39.7267278092811
5/02/1982,392.45,394.4,384.5,392,276611111,0.199999999999989,4.39639762528102,0,6.64685978881142,39.8106958882505
12/02/1982,392.7,392.7,382.7,384.9,259266667,0,4.05821319256709,7.10000000000002,6.68171672813362,37.7862166935101
19/02/1982,385.3,385.3,368.5,369.3,231877778,0,3.74604294698501,15.6,7.36773851827718,33.70628582804
26/02/1982,369.4,373.1,362.7,364.5,312455556,0,3.45788579721693,4.80000000000001,7.1702201707174,32.5352965772979
5/03/1982,365.2,366.5,336,336.3,365355555,0,3.1918945820464,28.2,8.78789554220068,26.6439941680281
12/03/1982,336.75,339.8,317.5,319.6,339322221,0,2.94636422958129,16.7,9.39651896203139,23.8709561116435
19/03/1982,320,328,312.5,317.7,268544444,0,2.71972082730581,1.90000000000003,8.81986365725975,23.5686200915076
26/03/1982,318.4,336,318.4,329.2,298322222,11.5,3.39512691751305,0,8.14141260670131,29.4293354639572
2/04/1982,330.05,337.2,323.4,336.8,267999999,7.60000000000002,3.71857869308897,0,7.51515009849352,33.1019090996333
9/04/1982,337.75,368.5,337.75,366,226022222,29.2,5.67868802438982,0,6.93706162937863,45.012687951473
16/04/1982,366.85,377.5,355.8,366,268800001,0,5.24186586866753,0,6.40344150404181,45.012687951473
23/04/1982,366.5,366.5,342,356.7,341344444,0,4.83864541723157,9.30000000000001,6.6262536960386,42.2039947270973
30/04/1982,357,367,335.5,346.5,296711111,0,4.46644192359837,10.2,6.90115725788178,39.2909870614984
7/05/1982,346.6,351,331,336.5,331933333,0,4.12286946793696,10,7.13952977650626,36.6073815929687
14/05/1982,337.05,341.5,329,340,298133333,3.5,4.07495643194181,0,6.59033517831347,38.2076419553639
21/05/1982,340.2,345.8,335.6,337.2,263333334,0,3.76149824486936,2.80000000000001,6.29877093382782,37.3896381702629
28/05/1982,337.55,338.5,327.5,329,247111111,0,3.47215222603325,8.19999999999999,6.44501932353337,35.0115172322998
4/06/1982,329.3,329.3,321,325.3,203811111,0,3.20506359326147,3.69999999999999,6.23386399095388,33.9558023373468
11/06/1982,325.45,343.2,325.45,333.2,296422222,7.89999999999998,3.56621254762597,0,5.75433599164974,38.2618311851321
18/06/1982,333.95,333.95,308,308.5,271533334,0,3.29188850550089,24.7,7.21169476152284,31.3406236882594
25/06/1982,309.35,315.5,297.5,310.2,292188889,1.69999999999999,3.16943554353929,0,6.65694901063647,32.2543406078325
2/07/1982,310.65,322.5,305.5,315,271811110,4.80000000000001,3.29486357865165,0,6.14487600981828,34.9041787410759
9/07/1982,315.15,349.7,308.3,348,244900000,33,5.57987407260152,0,5.67219323983226,49.589767974776
16/07/1982,348.15,362,340.2,351.5,354277778,3.5,5.41988375932448,0,5.23587068292208,50.8634446176465
23/07/1982,352,377,344.5,361.2,313344444,9.69999999999999,5.74912347014568,0,4.83311139962038,54.3280652990531
30/07/1982,362.15,362.15,334.3,355.5,258066666,0,5.30688320321139,5.69999999999999,4.89979513811112,51.9942240339452
6/08/1982,356.05,366.85,354,355.5,300822223,0,4.89866141834898,0,4.52288781979488,51.9942240339452
13/08/1982,356.35,356.35,340.2,344.9,278977777,0,4.52184130924521,10.6,4.99035798750297,47.5372852079649
20/08/1982,345.7,401,345.7,396,505700012,51.1,8.10477659314943,0,4.60648429615659,63.7606030096352
27/08/1982,397,441,397,413,611000007,17,8.78902454752255,0,4.25213935029839,67.3944796368299
3/09/1982,413.65,465.5,405,465.5,482666661,52.5,12.1514072746362,0,3.92505170796774,75.5850979857258
10/09/1982,466.35,509,447,452,323433333,0,11.2166836381257,13.5,4.66158619197023,70.6417245590916
17/09/1982,452.75,468,441,443,394577778,0,10.3538618198084,9,4.99531033104944,67.4555065123152
24/09/1982,443.05,457.8,423,424.3,419388882,0,9.55741091059233,18.7,6.04951722866102,61.2382579410631
1/10/1982,424.95,424.95,396,413,334333333,0,8.82222545593138,11.3,6.45340051876402,57.7536100356588
8/10/1982,413.45,444,390,424.5,542566672,11.5,9.02820811316743,0,5.95698509424371,60.2475255954818
15/10/1982,425.5,465,425.5,433,658288895,8.5,8.98757671984686,0,5.49875547160958,62.0417687587437
22/10/1982,433.25,449,422.5,435.5,563222228,2.5,8.48853235678172,0,5.07577428148577,62.5799208404354
29/10/1982,435.65,435.65,414,423,462099999,0,7.83556832933697,12.5,5.64686856752532,58.1168552041249
5/11/1982,423.7,438.5,416,419,623566667,0,7.23283230400336,4,5.52018637002338,56.7146688080526
12/11/1982,419.85,419.85,398,410.5,525766666,0,6.67646058831079,8.5,5.7494028030985,53.7303556139737
19/11/1982,411.45,421,401,414.8,460199994,4.30000000000001,6.4936559276715,0,5.307141049014,55.0272658745069
26/11/1982,415,438.5,405,433.9,282122222,19.1,7.463374702466,0,4.89889942985908,60.3721825173788
3/12/1982,434.85,456.4,433.5,447.8,457266667,13.9,7.95849972535323,0,4.52206101217761,63.7671647350017
10/12/1982,448.35,465.5,439.5,441.5,521866661,0,7.3463074387876,6.30000000000001,4.65882554970241,61.1930533866715
17/12/1982,442.25,457.5,435,444.2,435822223,2.69999999999999,6.98889917426548,0,4.30045435357146,61.9069919019939
24/12/1982,444.55,456.5,443.4,450.8,318411111,6.60000000000002,6.95898385316813,0,3.9696501725275,63.6766117046836
31/12/1982,451.05,468.8,449,453,307333333,2.19999999999999,6.5929081721552,0,3.66429246694846,64.2759014289042
7/01/1983,453.5,471.5,449.5,469.5,540777783,16.5,7.35499215891249,0,3.38242381564473,68.4987167894069
14/01/1983,469.85,497,469.85,490,526111129,20.5,8.36614660822692,0,3.12223736828745,72.8226583071195
21/01/1983,490.75,505,481.5,485,453766667,0,7.72259686913254,5,3.26668064764995,70.2739270833667
28/01/1983,485.65,507.5,473,502.8,468744450,17.8,8.49778172535311,0,3.01539752090765,73.809167247292
4/02/1983,503.1,519.05,498,501,436666667,0,7.84410620801826,1.80000000000001,2.92190540391475,72.8599084857374
11/02/1983,501.4,513.5,495,510,474822216,9,7.93302111509378,0,2.69714344976746,74.6274534762796
18/02/1983,510.2,520,506.2,510.5,440144444,0.5,7.36125026008657,0,2.48967087670843,74.7265170217529
25/02/1983,510.55,510.55,448.7,448.7,424855561,0,6.79500024007991,61.8,7.0520038861924,49.0719882663107
4/03/1983,449.25,449.25,408,420,561633334,0,6.27230791391991,28.7,8.71723435648529,41.8445593652565
11/03/1983,420.4,439.5,418,429.3,455922228,9.30000000000001,6.50520730515685,0,8.04667786752488,44.7035365381324
18/03/1983,429.45,442,411,416.5,392522223,0,6.0048067432217,12.8,8.41231803156143,41.6505151826435
25/03/1983,416.6,424.3,406.5,414.5,462688889,0,5.54289853220465,2,7.9190627983644,41.174524247206
1/04/1983,415.15,425.3,406.5,422,333533339,7.5,5.69344479895814,0,7.30990412156714,43.7844499425164
8/04/1983,422.15,439.8,422,427.2,396833332,5.19999999999999,5.65548750673059,0,6.74760380452351,45.5974028152079
15/04/1983,427.9,443.5,427.9,442.2,490677773,15,6.37429616005901,0,6.2285573580217,50.5781976352745
22/04/1983,442.75,450.8,436,443.3,542722228,1.10000000000002,5.9685810708237,0,5.7494375612508,50.9350706653301
29/04/1983,443.75,446.5,428.2,433.5,555177778,0,5.50945944999111,9.80000000000001,6.06101928730844,47.6165211058239
6/05/1983,433.75,440.8,430.7,439.5,572744444,6,5.54719333845333,0,5.59478703443856,49.7864217383607
13/05/1983,440.3,452.5,435,442.8,516300000,3.30000000000001,5.37433231241846,0,5.16441880102021,50.9959126519772
20/05/1983,443.2,446.8,436,438,457722222,0,4.96092213454012,4.80000000000001,5.13638658555711,49.1311325825477
27/05/1983,438.9,448.5,432.5,442.8,541255567,4.80000000000001,4.94854350880626,0,4.74127992512964,51.0694910236999
3/06/1983,443.05,446.1,408,418,368033326,0,4.56788631582117,24.8,6.28425839242737,42.0920144231876
10/06/1983,418,421,401,412.4,487477778,0,4.21651044537339,5.60000000000002,6.23162313147142,40.3565901446554
17/06/1983,413.35,423.5,411,417.8,555566661,5.40000000000003,4.30754810342159,0,5.75226750597362,42.8193544561455
24/06/1983,418.55,428.3,416,426.8,519799988,9,4.66850594161993,0,5.30978539012949,46.7866269525069
1/07/1983,427.2,427.2,414.5,421.2,416766666,0,4.30939009995686,5.60000000000002,5.33210959088876,44.6962634251653
8/07/1983,422.05,437,409.5,430.3,351822228,9.10000000000002,4.67789855380633,0,4.92194731466655,48.7288922957518
15/07/1983,430.85,439,421,421.7,385988890,0,4.31806020351354,8.60000000000002,5.20487444430759,45.3437975078567
22/07/1983,422.65,432,421,425.7,470144434,4,4.2935940340125,0,4.80449948705316,47.192238946227
29/07/1983,425.75,441.6,419.5,427.4,486555561,1.69999999999999,4.09408680062692,0,4.43492260343369,48.0019027611548
5/08/1983,428.1,430.5,420.5,426.8,445288883,0,3.77915704673254,0.599999999999966,4.13992855701571,47.7221390932281
12/08/1983,427.4,431,418.5,426.2,420277778,0,3.48845265852235,0.600000000000023,3.86762636032219,47.4227186737086
19/08/1983,426.45,436.5,426.45,430.3,426677778,4.10000000000002,3.53549476171294,0,3.57011664029741,49.7563764986172
26/08/1983,431.3,441,427,430.8,385788888,0.5,3.30199516465809,0,3.29549228335145,50.0492830138586
2/09/1983,431.65,431.65,423.8,427,368466667,0,3.04799553660747,3.80000000000001,3.3343005692475,47.7570373742345
9/09/1983,427.1,429,421,422.9,376644445,0,2.81353434148382,4.10000000000002,3.39320052545923,45.3303452104689
16/09/1983,423.2,426.5,407,418.7,452566666,0,2.59710862290814,4.19999999999999,3.45526202350083,42.9106010625617
23/09/1983,419,426,414,423.6,522433344,4.90000000000003,2.77425411345367,0,3.18947263707769,46.5187998964991
30/09/1983,424,424.3,401,407.8,431011110,0,2.56084995088031,15.8,4.15951320345633,38.1058269035327
7/10/1983,408.45,408.45,391,405.3,545677754,0,2.36386149312029,2.5,4.031858341652,36.9600538201882
14/10/1983,406.15,408.8,397.7,403.7,401711111,0,2.1820259936495,1.60000000000002,3.84479231537107,36.2052725296791
21/10/1983,403.9,404.5,391,396.8,504711106,0,2.01417784029184,6.89999999999998,4.07980829111176,33.0518940617925
28/10/1983,397,403,383.5,389.8,453633333,0,1.85924108334632,7,4.3044384225647,30.1644672076686
4/11/1983,390.65,390.65,377.2,382.3,462844450,0,1.71622253847352,7.5,4.55025085159819,27.3873745509336
11/11/1983,383.1,386,379,385.7,422666666,3.39999999999998,1.84574388166787,0,4.2002315553214,30.5284713923184
18/11/1983,386.55,386.55,373,376.3,463466666,0,1.70376358307803,9.39999999999998,4.6002137433736,27.0268037914572
25/11/1983,376.85,378.1,373.8,377.2,423544438,0.899999999999977,1.64193561514895,0,4.24635114772948,27.8847766977012
2/12/1983,377.9,414,377.9,404.1,555255567,26.9,3.58486364475288,0,3.91970875175029,47.7690593860256
9/12/1983,405.1,410,391,393.4,531666671,0,3.30910490284881,10.7,4.44126961700027,42.6960644853231
16/12/1983,394.2,397.5,376.5,377,472888888,0,3.05455837186044,16.4,5.36117195415409,36.2958204877152
23/12/1983,377.65,386,375.5,383.6,484411111,6.60000000000002,3.3272846509481,0,4.94877411152686,40.2037340048209
30/12/1983,383.75,388.5,378.5,388,342066667,4.39999999999998,3.40980121625978,0,4.56809917987094,42.740583950052
6/01/1984,388.95,388.95,369.1,370,535444433,0,3.14750881500903,18,5.60132231988087,35.9763351981606
13/01/1984,370.3,376.5,364.5,372.5,573922227,2.5,3.09770044462372,0,5.17045137219773,37.465451932335
20/01/1984,372.8,378,367,372.4,541388883,0,2.85941579503728,0.100000000000023,4.78041665125944,37.4277291437633
27/01/1984,373.1,379,362.5,375.4,570388888,3,2.8702299646498,0,4.41269229347026,39.4104160792002
3/02/1984,376.2,393,374.3,391.5,604622222,16.1,3.88790458275366,0,4.07325442474177,48.8359116944304
10/02/1984,392.45,395,380,382.5,593366672,0,3.58883499946492,9,4.45223485360779,44.6313123134172
17/02/1984,382.55,392,379.1,388.7,470533327,6.19999999999999,3.78969384565993,0,4.10975524948412,47.9741536405308
24/02/1984,389.2,404.5,388,399.5,405344445,10.8,4.32894816522455,0,3.79362023029303,53.295311955926
2/03/1984,399.95,406,394,403.7,525822228,4.19999999999999,4.31902907559189,0,3.50180328950126,55.2246726942913
9/03/1984,404.15,410.5,398,402.8,441488889,0,3.98679606977713,0.899999999999977,3.30166457492424,54.700111095139
16/03/1984,403.25,403.25,393,395.3,513155556,0,3.68011944902504,7.5,3.62461345377622,50.3799317236332
23/03/1984,395.8,396.5,385.5,386.8,449766667,0,3.39703333756158,8.5,3.99964318810113,45.9264823299437
30/03/1984,387.05,398,387,394.3,445188882,7.5,3.71264615774915,0,3.69197832747796,50.1395602863617
6/04/1984,394.65,394.65,382.8,387.1,505433328,0,3.42705799176844,7.19999999999999,3.96182614844119,46.3812657870585
13/04/1984,387.15,390.7,382.5,387,474211117,0,3.1634381462478,0.100000000000023,3.6647625985611,46.3290149846983
20/04/1984,387.3,395,381.5,388.8,369911106,1.80000000000001,3.05855828884412,0,3.38285778328717,47.4827003036946
27/04/1984,388.9,392.8,378.5,381.5,477988889,0,2.82328457431765,7.30000000000001,3.68417641534201,43.3853476617661
4/05/1984,382.1,383.7,377.5,378.5,534288876,0,2.60610883783168,3,3.6315474603157,41.7802570912044
11/05/1984,379.3,379.3,370,373.3,488388889,0,2.40563892722924,5.19999999999999,3.75219765567603,39.066300231278
18/05/1984,373.4,380,373.4,379.6,459933328,6.30000000000001,2.70520516359622,0,3.46356706677787,43.8532184780012
25/05/1984,380.2,390.5,375.5,390,468144444,10.4,3.2971124587042,0,3.19713883087188,50.7697086498084
1/06/1984,390.05,405.3,390.05,397,391833333,7,3.5819499618808,0,2.95120507465097,54.8272609765333
8/06/1984,397.1,403.2,389,389.5,461088889,0,3.30641534942843,7.5,3.3011123766009,50.0401282676927
15/06/1984,390.35,390.35,371.5,375.3,428666667,0,3.05207570716471,14.2,4.1394883476316,42.4396651953503
22/06/1984,376.2,381.4,371.7,376.6,570855561,1.30000000000001,2.91730065276742,0,3.82106616704455,43.2938830844004
29/06/1984,377.15,378.1,370,376.1,446977783,0,2.69289291024685,0.5,3.56559953881035,43.0278207118795
6/07/1984,377.1,377.1,339,347.2,301266666,0,2.48574730176633,28.9,5.51439957428648,31.0712708188774
13/07/1984,348,351,336,345.8,444344444,0,2.29453597086122,1.39999999999998,5.19790729934137,30.6246692582456
20/07/1984,346.35,353.5,338,340,441411112,0,2.1180332038719,5.80000000000001,5.24422212246896,28.7688094203138
27/07/1984,340.3,345,332,342,482933333,2,2.10895372665098,0,4.84082042074058,30.3456440730888
3/08/1984,342.25,365.5,342.25,363,773377791,21,3.56211113229322,0,4.46844961914515,44.3569414708083
10/08/1984,363.45,365.5,353.1,354.8,838000001,0,3.28810258365528,8.19999999999999,4.75549195613398,40.8785222500962
17/08/1984,355.2,369,353.8,362.3,462688894,7.5,3.61209469260487,0,4.38968488258521,45.141142150483
24/08/1984,362.7,368,353.5,362.3,524800000,0,3.33424125471219,0,4.05201681469404,45.141142150483
31/08/1984,362.5,362.5,356.7,358,385755555,0,3.07776115819587,4.30000000000001,4.07109244433296,43.0525134422552
7/09/1984,358.4,358.4,343.3,344.3,341544444,0,2.84101029987311,13.7,4.81177764092274,37.1238602435083
14/09/1984,344.8,350.8,344.2,348.1,557322223,3.80000000000001,2.91477873834441,0,4.44164089931329,39.6222467166443
21/09/1984,348.9,356.5,341.6,354.3,587799995,6.19999999999999,3.16748806616407,0,4.09997621475073,43.5845013298828
28/09/1984,355.15,356.1,348.3,351.3,478511111,0,2.9238351379976,3,4.01536265976991,42.1350597462183
5/10/1984,352.1,355.8,346.3,347,461155556,0,2.69892474276702,4.30000000000001,4.03725783978761,40.0660865362631
12/10/1984,347,348.4,338,346.3,440755544,0,2.49131514716955,0.699999999999989,3.78054569826548,39.7221049472559
19/10/1984,346.45,346.45,339,342.4,674066678,0,2.2996755204642,3.90000000000003,3.7897344907066,37.7651614236113
26/10/1984,343.15,345,339.5,340.3,490622222,0,2.12277740350542,2.09999999999997,3.6597549144984,36.7101692954865
2/11/1984,340.4,347,333.5,345.4,504888901,5.09999999999997,2.35179452631269,0,3.37823530569083,41.0433208074657
9/11/1984,346.1,353.5,344.5,347.5,521033332,2.10000000000002,2.33242571659633,0,3.11837105140692,42.7905463342151
16/11/1984,348.25,353,344,345,404455556,0,2.15300835378123,2.5,3.07080404745254,41.215269393532
23/11/1984,345.8,348,340.8,345.5,342777778,0.5,2.02585386502883,0,2.83458835149465,41.6804433584617
30/11/1984,346.15,346.15,325.2,333.5,457477772,0,1.8700189523343,12,3.5396200167643,34.5682764231843
7/12/1984,333.7,337,328,330.8,492011112,0,1.72617134061628,2.69999999999999,3.47503386162858,33.1879107532857
14/12/1984,331.55,333.5,324,325.4,462222223,0,1.59338892979964,5.40000000000003,3.62310817996485,30.5451895452422
21/12/1984,325.5,325.5,306.6,313.2,658344450,0,1.47082055058429,12.2,4.28286908919832,25.563084606
28/12/1984,313.35,315.6,307.3,310,277133333,0,1.35768050823165,3.19999999999999,4.19957146695229,24.4307890715484
4/01/1985,310.3,310.3,299.3,299.7,349377779,0,1.25324354605998,10.3,4.66883520026366,21.1622235999138
11/01/1985,300.7,307,296.7,300.3,566477768,0.600000000000023,1.20299404251691,0,4.30969403101261,21.8222766547117
18/01/1985,300.55,309.5,298.3,307.2,704444445,6.89999999999998,1.64122527001561,0,3.9781791055501,29.2063920004046
25/01/1985,307.85,309.35,297.8,300.4,832333333,0,1.5149771723221,6.80000000000001,4.19524225127702,26.5309799840795
1/02/1985,300.75,311,300,306.5,724444445,6.10000000000002,1.86767123598963,0,3.87253130887109,32.5366783034822
8/02/1985,306.9,307,301.3,303.4,740888889,0,1.72400421783658,3.10000000000002,3.81310582357332,31.1354516154352
15/02/1985,303.4,308.5,301.8,306.9,670888888,3.5,1.860619278003,0,3.51978999099075,34.5813707653317
22/02/1985,307.1,307.1,296,296.5,451422222,0,1.71749471815662,10.4,4.0490369147607,29.7838428276813
1/03/1985,296.85,296.85,282.6,291.6,613600000,0,1.58537973983688,4.89999999999998,4.11449561362526,27.8142878839255
8/03/1985,291.65,295.5,287,288.5,604322216,0,1.46342745215712,3.10000000000002,4.03645748950024,26.6083284956162
15/03/1985,288.5,297.4,287.5,295.2,541388890,6.69999999999999,1.86624072506811,0,3.72596075953868,33.3722010947774
22/03/1985,295.55,335,295.55,316.8,573222234,21.6,3.38422220775518,0,3.43934839342032,49.5960605606129
29/03/1985,317.55,339,316.5,334.1,517944451,17.3,4.45466665331247,0,3.17478313238799,58.3877838957884
5/04/1985,334.85,334.85,319,324,415544445,0,4.11199998767305,10.1,3.7074921222043,52.5865354155022
12/04/1985,324.9,337.5,319.7,331.6,518622221,7.60000000000002,4.38030768092897,0,3.42230042049628,56.1390194661815
19/04/1985,332.25,338.6,327.5,331.3,507633333,0,4.04336093624213,0.300000000000011,3.18212346507349,55.9597213372423
26/04/1985,331.95,332,323,325.2,537333334,0,3.73233317191581,6.10000000000002,3.40657550622168,52.2815648748369
3/05/1985,325.5,328.05,312,313.3,560922216,0,3.44523062022998,11.9,4.05991585189694,45.9049084921273
10/05/1985,314.2,318.5,309.7,317.5,598277778,4.19999999999999,3.50328980328921,0,3.74761463252025,48.3152113547076
17/05/1985,318.45,329.8,318,321,570344445,3.5,3.50303674149773,0,3.45933658386484,50.3138308992546
24/05/1985,321.25,324.8,312.8,314.8,627633334,0,3.23357237676714,6.19999999999999,3.67015684664447,46.8380533495085
31/05/1985,315.2,323,308.6,319.5,477266667,4.69999999999999,3.34637450163121,0,3.38783708921028,49.6921496524147
7/06/1985,319.55,322.4,315.8,317.7,667922216,0,3.0889610784288,1.80000000000001,3.26569577465565,48.609408026957
14/06/1985,317.95,324.5,312.5,322,542033339,4.30000000000001,3.18211791854967,0,3.01448840737444,51.3525912601058
21/06/1985,322.1,331.3,314,316.6,566966666,0,2.93733961712277,5.39999999999998,3.19798929911487,47.8758295965008
28/06/1985,317.25,320.2,315.3,317.7,575300007,1.09999999999997,2.79600580042102,0,2.95199012225988,48.6431416798386
5/07/1985,318.55,318.55,308.3,311.4,408933339,0,2.58092843115786,6.30000000000001,3.2095293436245,44.5720965689084
12/07/1985,311.45,320,310,319.2,593366667,7.80000000000001,2.98239547491495,0,2.962642471038,50.1661301749167
19/07/1985,319.75,328,315.2,318.8,713888889,0,2.75298043838303,0.399999999999977,2.765516127112,49.8864211603632
26/07/1985,319.65,324.2,316.4,322,662266667,3.19999999999999,2.78736655850741,0,2.55278411733416,52.196402830303
2/08/1985,322.9,337.5,322,329.7,590911111,7.69999999999999,3.16526143862223,0,2.35641610830845,57.3242716859063
9/08/1985,330.5,337,327,336.3,520288889,6.60000000000002,3.42947209718975,0,2.17515333074626,61.1900320777138
16/08/1985,336.55,348.3,332.8,345.6,463811111,9.30000000000001,3.88105116663669,0,2.00783384376578,65.9046858578657
23/08/1985,345.8,351,339.8,342.7,466566661,0,3.5825087692031,2.90000000000003,2.07646200962995,63.3067197060497
30/08/1985,343.5,348.9,338.5,339.8,453600001,0,3.30693117157209,2.89999999999998,2.13981108581226,60.7139279830758
6/09/1985,339.95,339.95,321,326.6,395800000,0,3.05255185068193,13.2,2.99059484844209,50.5126220272695
13/09/1985,326.85,328.5,323,324,570500006,0,2.81774016986025,2.60000000000002,2.96054909086962,48.764262962916
20/09/1985,324.25,326.4,318.2,323.8,539999999,0,2.60099092602484,0.199999999999989,2.74819916080273,48.6240138003285
27/09/1985,324.45,336.5,324.45,332.9,445433328,9.09999999999997,3.10091470094601,0,2.53679922535636,55.0030516177648
4/10/1985,333.5,335.7,324.9,332.2,677555556,0,2.86238280087324,0.699999999999989,2.39550697725203,54.4397642716245
11/10/1985,332.35,332.35,327.7,330.7,532377779,0,2.64219950849837,1.5,2.32662182515572,53.1755788963997
18/10/1985,331.55,331.55,325.5,329.7,615488889,0,2.43895339246004,1,2.22457399245143,52.2984683300265
25/10/1985,330.25,331.7,325.5,329.4,615088889,0,2.25134159304003,0.300000000000011,2.07652983918594,52.0196042857514
1/11/1985,330.1,330.3,324.5,328.1,644200001,0,2.07816147049849,1.29999999999995,2.01679677463317,50.7492713257611
8/11/1985,328.65,328.65,322.1,325.6,652888889,0,1.91830289584476,2.5,2.05396625350754,48.2923695177491
15/11/1985,326.45,328.3,323.8,324.7,735666668,0,1.77074113462593,0.900000000000034,1.96519961862235,47.3974629572573
22/11/1985,325.45,329.5,324,327.4,693000000,2.69999999999999,1.84222258580855,0,1.81403041718986,50.3855336131768
29/11/1985,328.1,336.9,326.8,327.3,491744439,0,1.70051315613097,0.099999999999966,1.68218192355987,50.2709560297226
6/12/1985,327.95,329,322.8,326.2,747666666,0,1.56970445181321,1.10000000000002,1.63739869867065,48.9446200561521
13/12/1985,326.6,326.6,315.5,322.2,919333333,0,1.44895795551988,4,1.81913726031137,44.3364669579046
20/12/1985,322.9,330.8,321.2,328.7,855111111,6.5,1.83749965124912,0,1.6792036249028,52.2506309733293
27/12/1985,329.25,331.4,326.6,329,366455555,0.300000000000011,1.71923044730688,0,1.5500341152949,52.5876818589031
